objectid;id;type;volume;quantite;marque;date_instal;adresse;adresse_comp;code_insee;observations;accessibilite;creation;date_creation;modification;date_modification;globalid;etat;_x;_y
801;;Colonne aérienne;2 m3;1;Plastic Omnium;;Parking vallon de l autelgy;;06138;;;chpayet;20191204095255;chpayet;20191204095255;{8C8A3146-8C8C-42B1-A448-EE103992E272};;6.937227726;43.50346756
3601;;PAV cuve enterrée;3 m3;1;Contenur;;Rue massena;;06029;;;chpayet;20200205083327;chpayet;20200205083327;{2066B095-8486-432C-8663-0B36B4C81159};;7.01705265;43.5646019
1201;;Colonne aérienne;4 m3;1;Plastic Omnium;;37 avenue miramar;;06138;;;chpayet;20191206090657;chpayet;20191206090657;{85771445-84A5-4946-BD65-E9F2CB95A7CA};;6.941038132;43.48668671
1601;;PAV cuve enterrée;4 m3;1; ;;Parking jean aulas;;06079;;;chpayet;20200107144907;chpayet;20200107151944;{BB3F959C-2915-455B-8665-C1958EC20BEE};;6.940707684;43.52338791
1202;;Colonne aérienne;2 m3;1;Plastic Omnium;;16 avenue du treyas;Parking face restaurant matipi;06138;;;chpayet;20191206092934;chpayet;20191206093820;{7BDBEF7C-741B-4EA2-83F8-B8C3222377DC};;6.92994833;43.48410034
3602;;PAV cuve enterrée;3 m3;1;Contenur;;1 avenue du prado;;06029;;;chpayet;20200205085531;chpayet;20200205085531;{A6803266-3BD7-436A-8727-58BD84C7EB7E};;7.022439003;43.55788422
1203;;Colonne aérienne;4 m3;1;Plastic Omnium;;Port figueirette ;;06138;;;chpayet;20191206100945;chpayet;20191206100945;{D9D93078-A1B2-462E-9BFF-5A0598E005B4};;6.934196472;43.48504257
2001;;Colonne aérienne;3 m3;2;Plastic Omnium;;Parking bon puits;;06079;;;chpayet;20200109131049;chpayet;20200109131049;{457C7846-6A28-4CBA-B814-8D7BD538CF36};;6.932461262;43.52248001
1204;;Colonne aérienne;4 m3;1;Plastic Omnium;;Boulevard l esquillon;Beach hotel;06138;;;chpayet;20191206102219;chpayet;20191206102219;{5BC3348A-B00C-482C-8AC9-6A9C4016A934};;6.937729836;43.48563766
1205;;Colonne aérienne;2 m3;2;Plastic Omnium;;Avenue de la côte d azur;A côté du snack;06138;;;chpayet;20191206104445;chpayet;20191206104445;{3EC873BD-C98B-46CD-AEAB-9AB7BE498853};;6.945009708;43.49371338
2002;;PAV cuve enterrée;4 m3;1; ;;Place de provence;;06079;;;chpayet;20200109133806;chpayet;20200109133806;{D0A7BC88-1178-4D57-9DC0-DCB31FA6A0F1};;6.927899361;43.52871704
3603;;PAV cuve enterrée;3 m3;1;Contenur;;2 avenue isola bella;;06029;;;chpayet;20200205091348;chpayet;20200205091348;{B25C8F92-6E04-4C9D-A4B2-4E53D6DC0DE2};;7.024412155;43.55604935
2003;;PAV cuve enterrée;4 m3;1; ;;Place de Provence ;;06079;;;chpayet;20200109134011;chpayet;20200109134011;{83093452-9E4C-40B1-93DC-71685B53EEF9};;6.927633762;43.52838516
2004;;Colonne aérienne;3 m3;1;Plastic Omnium;;Rue Yves brayer;;06079;;;chpayet;20200109135958;chpayet;20200109140302;{86E2348D-C1FA-4F6E-B5E4-9DBA4997B2E7};;6.919299603;43.52455139
2005;;PAV cuve enterrée;4 m3;1; ;;Avenue Robert schuman;;06079;;;chpayet;20200109142650;chpayet;20200109142650;{DDA78DC1-F178-4F3D-BC26-4F918D8527FC};;6.924761295;43.54042816
3604;;PAV cuve enterrée;3 m3;1;Contenur;;14 avenue mont fleury;;06029;;;chpayet;20200205092232;chpayet;20200205092232;{56295196-00D5-4E00-A329-69FC565D21D2};;7.02808857;43.55530548
2006;;Colonne aérienne;3 m3;1; ;;Avenue Robert Schuman ;;06079;;;chpayet;20200109143304;chpayet;20200109143304;{82033326-658A-4294-AE25-6AF6C2625AB9};;6.917920113;43.53896713
2007;;PAV cuve enterrée;4 m3;1; ;;Avenue de l europe;;06079;;;chpayet;20200109144507;chpayet;20200109144507;{D69A9F7A-F697-4D2E-B937-476CA79D5AD9};;6.923762321;43.5363121
3605;;PAV cuve enterrée;3 m3;1;Contenur;;Rue volta;;06029;;;chpayet;20200205092710;chpayet;20200205092710;{932DAD2E-FBC6-41C0-B9EC-9B5A247CE592};;7.029294968;43.55267334
2401;;PAV cuve enterrée;3 m3;1; ;;Rue Félix faure;;06029;;;chpayet;20200128085509;chpayet;20200128085509;{ADDA617C-F1F7-4EB1-96F0-2290E54FCA24};;7.014487743;43.55203629
2402;;PAV cuve enterrée;4 m3;1;Contenur;;Marché forville ;;06029;;;chpayet;20200128091739;chpayet;20200128091739;{6C169627-9EB4-487B-B069-4875EC88A119};;7.011583805;43.5521698
3606;;Colonne aérienne;2 m3;1;;;32 boulevard de lorraine;;06029;Cliiink ;;chpayet;20200205093613;chpayet;20200205093613;{44EB09E9-AB65-4ACC-8685-BB111FCE8242};;7.027551174;43.55299759
2403;;Colonne aérienne;2 m3;1; ;;Rue Louis Blanc ;;06029;Cliiink;Oui;chpayet;20200128092519;chpayet;20200128092519;{1B25A481-FA71-4110-B3A3-80E990577707};;7.012897491;43.55267715
2801;;Colonne aérienne;2 m3;1; ;;24 boulevard de l esterel;;06029;;;chpayet;20200129144036;chpayet;20200129144036;{B05CDFF3-7C23-48DF-9576-861628DC061A};;6.971589088;43.55853653
3607;;Colonne aérienne;3 m3;1; ;;Boulevard de lorraine ;;06029;;;chpayet;20200205094535;chpayet;20200205094535;{8AA36163-449A-403D-9E3B-7FDEF507BF94};;7.025373936;43.55367661
3201;;Colonne aérienne;2 m3;1;Plastic Omnium;;11 avenue de grasse;Face parking vauban;06029;;;chpayet;20200130102346;chpayet;20200130102346;{D3D723CF-D370-4923-914A-2D8A020E56A4};;7.016042709;43.55464554
3202;;PAV cuve enterrée;3 m3;1;Contenur;;Place Gérard phillipe;;06029;;;chpayet;20200130103813;chpayet;20200130103813;{7811EAEB-E487-430E-AFF0-AF92C68ED45B};;7.016216278;43.55596542
3608;;Colonne aérienne;2 m3;1; ;;1 rue de lerins;;06029;Cliiink ;;chpayet;20200205101056;chpayet;20200205101056;{13422586-12A7-4648-A89C-5FD30B8CF394};;7.026492119;43.55155563
3203;;PAV cuve enterrée;4 m3;2; ;;Avenue maréchal Gallieni ;;06029;;;chpayet;20200130110336;chpayet;20200130110336;{22F0DB70-ABA9-4E50-8648-A04E99658DB9};;7.017816067;43.55739975
3204;;PAV cuve enterrée;4 m3;1; ;;Rue cité jardin;;06030;Cliiink;;chpayet;20200130134852;chpayet;20200130134852;{6A1F143D-B0ED-4BA0-852E-DA87DDDB81AA};;6.998053074;43.57669449
3609;;PAV cuve enterrée;3 m3;1;Ecollect;;Square merimee;;06029;;;chpayet;20200205102245;chpayet;20200205102245;{7F545A00-AA18-418E-BB3F-BAF60030885D};;7.017289162;43.55162811
3205;;Colonne aérienne;3 m3;1;Plastic Omnium;;Rue des reservoirs;;06030;;;chpayet;20200130135944;chpayet;20200130135944;{36050A9B-3661-476C-9704-7C48E82082DD};;7.011932373;43.57223129
3610;;PAV cuve enterrée; ;1; ;;Allées de la liberte;;06029;;;chpayet;20200205102900;chpayet;20200205102900;{8E40D486-52F3-4348-A69E-05EEEB7A5D66};;7.016160488;43.55182266
3208;;Colonne aérienne;3 m3;1;Citec;;Rue de cannes impasse bracco;;06030;Cliiink;;chpayet;20200130142816;chpayet;20200130142816;{794F5B1F-9499-4B0B-B1A9-B432A79E7FFA};;7.019800663;43.5719986
3611;;PAV cuve enterrée;3 m3;1;Contenur;;Square général Leclerc ;;06029;;;chpayet;20200205104248;chpayet;20200205104248;{2116CF38-F1DB-44C4-8D5E-31F345D2F182};;7.011980534;43.54808426
3209;;PAV cuve enterrée;4 m3;2;Ecollect;;Parking jean giono;;06030;Cliiink;;chpayet;20200130144225;chpayet;20200130144225;{857D052C-F5AA-4CB1-9D9A-A8254FB4A869};;7.01354599;43.5761261
4002;;Colonne aérienne;2 m3;1; ;;25 avenue de grasse;;06029;;;chpayet;20200207135057;chpayet;20200207135057;{A8A81374-D308-4009-A938-E8356FA87760};;7.015119553;43.55495453
4003;;Colonne aérienne;2 m3;1; ;;34 avenue Jean de lattre de tassigny;;06029;Cliiink;;chpayet;20200207135550;chpayet;20200207135550;{228A7CA2-8116-4471-8C11-E40994255C56};;7.012180805;43.55651474
4004;;Colonne aérienne;2 m3;1; ;;63 avenue de lattre de tassigny ;;06029;Cliiink;;chpayet;20200207140226;chpayet;20200207140226;{9CABA1B7-11ED-48F9-87EA-2CEFDCBECA9C};;7.011813641;43.55808258
4005;;PAV cuve enterrée;3 m3;1;Contenur;;Angle rue des suisses et Victor tuby;;06029;;;chpayet;20200207150637;chpayet;20200207150637;{07983B5C-81E8-4DDD-BCFC-DD8082FE2611};;7.009336948;43.55165482
4405;;Colonne aérienne;2 m3;1; ;;Angle bd délais avenue de grasse;;06029;Cliiink;;chpayet;20200210081911;chpayet;20200210081911;{B6854D8C-6E90-42B1-96CB-DFBA8E6C24D2};;7.011362076;43.55540848
4406;;Colonne aérienne;2 m3;1; ;;31 rue pont saint Victor ;;06029;Cliiink ;;chpayet;20200210083251;chpayet;20200210083251;{59C59BE8-287D-49E5-9612-F3C64815CFB2};;7.004608631;43.55659485
4407;;Colonne aérienne;2 m3;1; ;;11 bd Victor tuby;;06029;Cliiink;;chpayet;20200210090236;chpayet;20200210090236;{15D6D1E2-A26B-48CA-B66B-D92924F2CB58};;7.011692524;43.55285645
4408;;PAV cuve enterrée;3 m3;1;Contenur;;1 rue Félix faure;;06029;;;chpayet;20200210090850;chpayet;20200210090850;{2AFAE459-ADB7-4D09-8909-DFDD9B04733D};;7.012080193;43.55121231
4409;;Colonne aérienne;2 m3;1; ;;Square Clemenceau ;;06029;Cliiink ;;chpayet;20200210092140;chpayet;20200210092140;{4D65582D-7F57-4E3F-9E53-50941AB9734A};;7.008721828;43.54931259
4410;;PAV cuve enterrée;2 m3;1;Contenur;;Square Frédéric mistral ;;06029;;;chpayet;20200210093158;chpayet;20200210093158;{123ECF2D-3BD2-46CA-8E6C-7107CB031694};;7.006332874;43.54904938
4411;; ;2 m3;1; ;;12 bd du moulin;;06029;Cliiink;;chpayet;20200210101206;chpayet;20200210101206;{C2FC8587-14E1-47FE-9B67-49DA2D16409D};;7.007101536;43.55408096
4412;;Colonne aérienne;2 m3;1; ;;203 avenue de grasse;;06029;Cliiink;;chpayet;20200210102947;chpayet;20200210102947;{4688E446-C741-4913-99D8-69F7B53306AF};;7.005579948;43.55924988
4413;;Colonne aérienne;2 m3;1; ;;Rue Beaulieu ;;06029;Cliiink ;;chpayet;20200210103829;chpayet;20200210103829;{4A5035AD-3B23-4F82-8B48-5CF319F16256};;7.007243633;43.56070709
4414;;PAV cuve enterrée;4 m3;1; ;;93 avenue Jean de lattre de tassigny ;;06029;;;chpayet;20200210104554;chpayet;20200210104554;{E260C951-1B7F-4745-B81E-D4D6F3ABE5CF};;7.010009766;43.56230927
4415;;Colonne aérienne;2 m3;1; ;;79 avenue Jean de lattre de tassigny ;;06029;Cliiink ;;chpayet;20200210104805;chpayet;20200210104805;{73F10645-C3A9-48AA-A648-78FCE437AC52};;7.009631634;43.56036377
4416;;PAV cuve enterrée;3 m3;2; ;;Avenue reine astrid;;06029;;;chpayet;20200210134832;chpayet;20200210134954;{DF2BA8D1-F205-44DE-AE56-C0A308D52BA5};;7.039062023;43.53933334
4805;;PAV cuve enterrée;4 m3;1;Ecollect;;8 avenue saint Louis ;;06029;Cliiink ;;chpayet;20200211131916;chpayet;20200211131916;{41311E59-5D5B-40F7-A1A7-67EF18789342};;7.014911652;43.55647659
4806;;Colonne aérienne;2 m3;1; ;;Avenue des broussailles ;;06029;;;chpayet;20200211132936;chpayet;20200211132936;{87081FAC-7D3D-4EDD-A7B1-7A543E59A6E6};;7.005131721;43.56230164
4807;;Colonne aérienne;2 m3;1; ;;261 avenue de grasse;;06029;;;chpayet;20200211133920;chpayet;20200211134020;{1BF2D352-D3E1-4441-B9C6-30E6C64FBB45};;7.003221512;43.56343079
4808;;PAV cuve enterrée;3 m3;2; ;;Bd du riou;;06029;;;chpayet;20200211134700;chpayet;20200211134700;{8CC6F183-36A9-4135-966B-22020216DC49};;7.001594543;43.56201553
4809;;Colonne aérienne;2 m3;1; ;;Bd du riou;;06029;Cliiink ;;chpayet;20200211135832;chpayet;20200211135832;{A8C1A0AD-CB72-488E-AD92-5246FC793B86};;7.002282143;43.56480026
5205;;Colonne aérienne;2 m3;1; ;;1 rue reyer;;06029;;;chpayet;20200212081220;chpayet;20200212081220;{311F1BF6-2C8D-4AC3-8BE4-4FBF9D94C5D0};;7.0184865;43.56106949
5206;;Colonne aérienne;2 m3;1; ;;34 rue shakespeare ;;06029;;;chpayet;20200212081547;chpayet;20200212081547;{A1D21A12-D045-482E-AAC6-F8FB69DFD927};;7.017711639;43.560215
5207;;PAV cuve enterrée;3 m3;1;Ecollect;;15 rue Boucicaut ;;06029;Cliiink;;chpayet;20200212082349;chpayet;20200212082508;{48C20876-208C-4B5A-9344-6EB03940C8CC};;7.020916939;43.55816269
5208;;Colonne aérienne;2 m3;1; ;;Boulevard d alsace;;06029;Cliiink;;chpayet;20200212084156;chpayet;20200212084350;{CDAFDEDE-23D0-44E8-B56E-28AFDC6F85E9};;7.02226305;43.55430222
5209;;Colonne aérienne;2 m3;1; ;;12 Bd d alsace;;06029;Cliiink ;;chpayet;20200212084548;chpayet;20200212084548;{682A0076-6AE0-4AFD-9074-0F862BB77D7E};;7.020169735;43.5544281
15216;;Colonne aérienne;3 m3;1; ;;30 avenue de la roubine;;06029;;Oui;chpayet;20200731111522;chpayet;20200731111522;{D71E4D12-82A5-475B-AE3A-3165971D0008};;6.974565506;43.54842377
5210;;PAV cuve enterrée;3 m3;1; ;;Rue venizelos;;06029;Cliiink;;chpayet;20200212090434;chpayet;20200212090434;{7BA25EC8-7338-4049-B5D4-A1CEF519BD44};;7.017268181;43.55361176
5211;;PAV cuve enterrée;2 m3;1;Contenur;;30 rue pasteur;;06029;;;chpayet;20200212092654;chpayet;20200212092654;{46AA4D1E-2127-4232-A5E3-3B9A0D99ACA9};;7.028914452;43.54969406
5212;;Colonne aérienne;2 m3;1; ;;Pointe croisette;;06029;Cliiink ;Oui;chpayet;20200212094635;chpayet;20200212094635;{247A416F-DF46-4ABE-943E-5EC4A2F0E221};;7.036671162;43.53715134
5605;;PAV cuve enterrée;2 m3;1; ;;177 avenue de la république ;;06029;;;chpayet;20200213084417;chpayet;20200213084417;{D82FB384-193D-4175-BBC7-FBF767B81706};;7.020992279;43.56280899
5606;;PAV cuve enterrée;2 m3;1; ;;8 avenue des coteaux ;;06029;;;chpayet;20200213085053;chpayet;20200213085053;{8BD66729-83A2-487E-83C9-F822ED3DEB64};;7.022536278;43.56621933
5608;;Colonne aérienne;3 m3;1;Citec;;9 avenue du docteur Émile roux;;06030;Cliiink ;;chpayet;20200213091203;chpayet;20200213091238;{5F6B7D63-63C4-4FFA-905B-4FBDB3A040D9};;7.023563385;43.57303238
5615;;PAV cuve enterrée;3 m3;1;Contenur;;Boulevard leader;;06029;;;chpayet;20200213103445;chpayet;20200213103445;{15D053B0-465F-4C64-A878-93EA2FB6B1E2};;6.989273071;43.56595612
5617;;PAV cuve enterrée;3 m3;1;Contenur;;Rue Marco del ponte;;06029;;;chpayet;20200213122554;chpayet;20200213122554;{CD866B4A-3ABF-43BD-93C0-416B74CBB01E};;6.980336189;43.54915619
5618;;PAV cuve enterrée;3 m3;1;Ecollect;;53 avenue Michel jourdan;;06029;Cliiink ;;chpayet;20200213123923;chpayet;20200213123923;{66DDB397-36D1-4B7A-A93D-C871C21F29C3};;6.974534988;43.55315781
5619;;Colonne aérienne;2 m3;1; ;;Avenue du vercors;;06029;;;chpayet;20200213124552;chpayet;20200213124552;{0666E598-3357-41DD-B23D-30204991D68F};;6.973281384;43.55499268
5622;;PAV cuve enterrée;2 m3;1; ;;Boulevard du midi ;Sicasil;06029;;;chpayet;20200213133835;chpayet;20200213133835;{274DDD55-6209-48BC-ADD3-DD1EBBC69D05};;6.965514183;43.5437355
5620;;Colonne aérienne;2 m3;1; ;;104 avenue Michel Jourdan ;;06029;;;chpayet;20200213125054;chpayet;20200213125054;{E010DA6D-C4E9-46BD-9CF7-04E380A0054D};;6.971658707;43.55545425
5621;;Colonne aérienne;2 m3;1; ;;Avenue Maurice chevalier ;;06029;Cliiink ;;chpayet;20200213125541;chpayet;20200213125541;{00DA4896-5F99-4482-8BB9-5B0409B10D22};;6.961547375;43.55145264
6006;;Colonne aérienne;2 m3;1;Plastic Omnium;;Allée de la marine;;06079;;;chpayet;20200217142946;chpayet;20200217142946;{9F6C4F73-A3A1-4C95-A8F3-F3DCF57A2C53};;6.935199261;43.53687668
6406;;PAV cuve enterrée;2 m3;1; ;;28 avenue du docteur Raymond picaud;;06029;;;chpayet;20200218131232;chpayet;20200218131232;{11CA9811-AE15-41B5-8BA4-375DFF8BFECF};;6.99953413;43.55083847
6407;;Colonne aérienne;2 m3;1; ;;50 avenue Jean de noailles;;06029;;;chpayet;20200218132320;chpayet;20200218132320;{B2C31F25-3266-494E-B453-601CF23C9FA6};;6.998758316;43.55445099
6408;;Colonne aérienne;2 m3;1; ;;24 avenue amiral wester wemyss;;06029;Cliiink ;;chpayet;20200218134545;chpayet;20200218134646;{803108C4-3B8C-4F6B-8F84-7B154E24A223};;6.993080616;43.55254364
6409;;Colonne aérienne;2 m3;1; ;;6 boulevard leader;;06029;Cliiink ;;chpayet;20200218135011;chpayet;20200218135011;{C3C73BE8-A400-4E96-B4F2-8D09741A2318};;6.99385643;43.54951477
6410;;PAV cuve enterrée;2 m3;1; ;;64 avenue du docteur Raymond picaud;;06029;;;chpayet;20200218142534;chpayet;20200218142534;{900A9022-3B51-43F5-BDEB-647381A351F4};;6.990353584;43.55044556
6411;;Colonne aérienne;2 m3;1; ;;2 avenue Francis tonner;;06029;Cliiink ;;chpayet;20200218142859;chpayet;20200218142859;{A5399E79-CACE-45EE-8BD7-14B1B712C1DC};;6.984208107;43.54925537
6412;;PAV cuve enterrée;2 m3;1; ;;Boulevard louis negrin;;06029;;;chpayet;20200218144629;chpayet;20200218144629;{24983648-2F06-4F63-BE68-ED7937900D6C};;6.976024628;43.54975128
6413;;Colonne aérienne;2 m3;1; ;;Rue docteur baloux;;06029;;;chpayet;20200218145417;chpayet;20200218145417;{FA24EE09-B900-49DF-A631-1302F5B69F46};;6.976926804;43.55062485
6414;;Colonne aérienne;2 m3;1; ;;32 rue Joseph flory;;06029;;;chpayet;20200218150136;chpayet;20200218150136;{0200C254-F5C9-4F3A-8171-7866FB58B626};;6.981838226;43.55157089
15217;;Colonne aérienne;3 m3;1; ;;Chemin de garibondy;La Croix du sud;06030;;Oui;chpayet;20200731133713;chpayet;20200731133713;{57EAECC4-1EC0-4138-91BD-EFB3CDC07104};;6.983124733;43.56584549
7605;;Colonne aérienne;2 m3;1; ;;Chemin bastide rouge;;06029;;;chpayet;20200417073159;chpayet;20200417073159;{65160453-0E8B-4A21-BBF9-F1CD54D73F4F};;6.956120491;43.55324554
8405;;Colonne aérienne;2 m3;1; ;;161 avenue Francis toner;;06029;Face gifi;Oui;chpayet;20200505072023;chpayet;20200505072023;{F7394B1B-5FF2-4F05-AF0E-7A69708CC2ED};;6.97094059;43.54964447
7606;;Colonne aérienne;2 m3;1; ;;10 avenue des buissons ardents;;06029;;;chpayet;20200417080908;chpayet;20200417080908;{B77CBB4D-9BD4-452E-A992-4C23A98886A0};;6.963730812;43.55809021
7209;;PAV cuve enterrée;2 m3;1; ;;Parking cimetiere du claus;;06030;;;chpayet;20200310095127;chpayet;20200310095127;{B05FDE06-9515-4CD8-A943-120DE0C48BDD};;6.986410141;43.57458115
7607;;Colonne aérienne;2 m3;1; ;;Avenue des buissons ardents;Angle chemin de l ecole;06029;Cliiink ;;chpayet;20200417081332;chpayet;20200417081403;{A01DD81D-BDA0-415A-89FE-B424552A74A4};;6.965303898;43.5582962
7608;;Colonne aérienne;2 m3;1; ;;Avenue des buissons ardents;;06029;;;chpayet;20200417081622;chpayet;20200417081622;{9FB7DFF3-623A-4326-A7FA-8B13EDFCBD5B};;6.966837883;43.55848312
7609;;PAV cuve enterrée;3 m3;1;Ecollect;;146 avenue Michel jourdan;;06029;;;chpayet;20200417082047;chpayet;20200417082047;{EC99EDFA-ADB4-4DC7-94B0-38B2EEE1A578};;6.96850729;43.55830002
7611;;Colonne aérienne;2 m3;1; ;;Rue honoré de balzac;;06029;Cliiink ;;chpayet;20200417083547;chpayet;20200417083547;{00DDCE78-4234-4E13-A1FD-6CFBE680D6D7};;6.965667248;43.56900024
7612;;Colonne aérienne;2 m3;1; ;;Avenue Victor hugo;;06029;Cliiink;;chpayet;20200417083950;chpayet;20200417083950;{D046CCE1-8F9A-4DA1-9250-FC4C79FC2991};;6.964562416;43.57023239
7617;;Colonne aérienne;2 m3;1; ;;12 chemin rural de la frayere;;06029;Cliiink ;;chpayet;20200417094957;chpayet;20200417095837;{421D7096-5F63-475D-B6D7-56C72D82A607};;6.96300745;43.56843567
7618;;Colonne aérienne;2 m3;1; ;;Chemin des gourguettes;;06029;;;chpayet;20200417100204;chpayet;20200417100204;{FCC3E490-A08F-470C-AA06-A1CF11FDBC66};;6.959542274;43.57147598
7619;;Colonne aérienne;2 m3;1; ;;Chemin des gourguettes ;;06029;Cliiink ;;chpayet;20200417100529;chpayet;20200417100529;{377D5E17-7788-4A12-A6A4-06C093842BCC};;6.958488941;43.57255554
13615;;PAV cuve enterrée;4 m3;1; ;;Avenue de la république ;Parking public ;06079;;;chpayet;20200721130748;chpayet;20200817074149;{E73585CA-190B-4AF8-B420-8552724E3F85};;6.933066368;43.54142761
7620;;Colonne aérienne;2 m3;1; ;;147 avenue Maurice chevalier;;06029;;;chpayet;20200417101007;chpayet;20200417101007;{4F3418ED-35CB-4362-A3E3-F28E7929C5AF};;6.961461067;43.56697083
8406;;Colonne aérienne;3 m3;1;Plastic Omnium;;Avenue gaston de fontmichel;;06029;;;chpayet;20200505074854;chpayet;20200505074854;{611C4F93-63E4-400B-AC94-5E18D5BFC215};;6.947183132;43.54056549
7621;;Colonne aérienne;2 m3;1; ;;56 avenue Maurice chevalier;;06029;;;chpayet;20200417101956;chpayet;20200417101956;{29D1D166-9DA8-4F3A-8EEF-AB07DBC90E10};;6.960831642;43.55613327
7622;;Colonne aérienne;2 m3;1; ;;Avenue du nord;;06029;Cliiink ;;chpayet;20200417102631;chpayet;20200417102631;{7CA99EF2-50C9-4F68-92F6-C625B21EFE9D};;6.963346004;43.54668427
7623;;Colonne aérienne;2 m3;1; ;;Avenue pierre de Coubertin ;Caserne Pompier;06029;;;chpayet;20200417103833;chpayet;20200417103833;{8BCEA9BC-563B-475F-8725-2BA728AF55AA};;6.966849327;43.55499649
8408;;Colonne aérienne;2 m3;1;Plastic Omnium;;Route du golf;Parking port;06079;Cliiink ;;chpayet;20200505080903;chpayet;20200505080903;{26D8EE05-7FF3-4554-9371-C4F959ACE4C1};;6.945122242;43.52724075
7627;;Colonne aérienne;2 m3;1; ;;21 avenue de vallauris ;;06029;;;chpayet;20200417114327;chpayet;20200417114327;{F2FE87E3-56EF-4F7D-B598-F7A8A463D2A0};;7.025294304;43.55758667
7628;;Colonne aérienne;2 m3;1; ;;63 avenue de vallauris ;;06029;;;chpayet;20200417114725;chpayet;20200417114725;{54C506AE-FA1B-4927-84E9-6F41B30E7FEF};;7.032186985;43.55932617
8412;;PAV cuve enterrée;2 m3;1; ;;Allée Jacques cartier;;06079;Cliiink ;;chpayet;20200505085902;chpayet;20200505085902;{434B6E07-4342-4BD2-ADBD-9C414F433362};;6.935098171;43.53175735
9613;;Colonne aérienne;2 m3;1; ;;55 avenue du roi Albert 1er;;06029;;;chpayet;20200514095611;chpayet;20200514095611;{2B888EBC-34ED-4332-B555-94F26762975E};;7.045983315;43.55129623
8005;;Colonne aérienne;2 m3;1; ;;Boulevard du soleil ;;06029;;;chpayet;20200429070339;chpayet;20200429070339;{78E8BDA1-A912-411C-9B2C-84568C3D886B};;6.976629734;43.55627823
10819;;Colonne aérienne;4 m3;1;Plastic Omnium;;Avenue du général garbay;;06079;Cliiink ;;chpayet;20200618134143;chpayet;20200817073001;{957A8C1B-044D-4302-AA77-3B29B40B983F};;6.941099644;43.55862808
8006;;Colonne aérienne;2 m3;1; ;;80 boulevard leader;;06029;;;chpayet;20200429071238;chpayet;20200429071238;{2B3BD833-ED98-4741-A241-13C6A2E11635};;6.990048885;43.55508041
8805;;Colonne aérienne;2 m3;1; ;;Boulevard du perrier;;06029;;;chpayet;20200507065614;chpayet;20200507065614;{81FC8888-204F-4F5D-92F9-4AD08269A3AB};;6.996361256;43.5657196
8007;;Colonne aérienne;2 m3;1; ;;35 avenue wester wemyss;;06029;;;chpayet;20200429071654;chpayet;20200429071654;{EBB4D959-0680-4F19-9191-49B86598BB14};;6.990381241;43.55324554
8008;;Colonne aérienne;2 m3;1; ;;Boulevard du riou parking bergia;;06029;;;chpayet;20200429072607;chpayet;20200429072607;{6AB007CF-5B5F-4D4B-AB83-09E4DB36AB65};;7.005736828;43.55269241
8806;;Colonne aérienne;2 m3;1; ;;Route du village;;06029;;;chpayet;20200507070442;chpayet;20200507070442;{A32F116F-542D-4709-B4B0-07E2E3394DF8};;6.996837139;43.56407547
8809;;Colonne aérienne;2 m3;1; ;;Chemin des collines ;;06029;;;chpayet;20200507094708;chpayet;20200507094708;{1E21AA51-085C-469B-9469-6D27AF5A917F};;7.036046505;43.56713104
8810;;Colonne aérienne;2 m3;1; ;;Boulevard des pins;;06029;Cliiink ;;chpayet;20200507101848;chpayet;20200507101848;{34FD9A1B-D90D-42D9-9A0F-55262C1EF7FC};;7.039859772;43.55586624
8811;;Colonne aérienne;2 m3;1; ;;24 avenue roi Albert 1 er;;06029;;;chpayet;20200507102758;chpayet;20200507102907;{5960D78D-A1CC-4D52-B8F9-60FBDE4D4316};;7.039436817;43.55145264
8812;;Colonne aérienne;2 m3;1; ;;43 boulevard Alexandre 3;;06029;;;chpayet;20200507104620;chpayet;20200507104620;{7F60A630-74F1-420E-8ED4-2A1D261B760A};;7.04014349;43.54633331
9210;;Colonne aérienne;2 m3;1; ;;Avenue saint exupery;;06029;;Oui;chpayet;20200512084130;chpayet;20200512084130;{2A8FE16A-89AA-4035-860E-CC94AD8239A4};;6.954527855;43.55491638
9213;;Colonne aérienne;2 m3;1; ;;Boulevard général vautrin;;06029;Cliiink ;;chpayet;20200512122036;chpayet;20200512122036;{54BFFA7E-0D2A-42E3-A848-953FC15166CB};;7.032930851;43.54756927
9214;;PAV cuve enterrée;2 m3;1;Contenur;;Boulevard d alsace;;06029;;;chpayet;20200512122432;chpayet;20200512122626;{0E752C32-2D89-497E-A5C4-EAE9C08B0D29};;7.034591198;43.54610443
9215;;Colonne aérienne;2 m3;1; ;;139 avenue du maréchal juin;;06029;;;chpayet;20200512123152;chpayet;20200512123152;{DA3A7791-A2A9-4D12-B4EC-F17CDAE80D02};;7.053519249;43.54801559
9216;;PAV cuve enterrée;4 m3;1;Ecollect;;75 avenue maréchal juin;;06029;;;chpayet;20200512123617;chpayet;20200512123617;{40B57703-D304-4CBE-B854-4D4DF201F5A9};;7.03949213;43.54839325
9217;;Colonne aérienne;2 m3;1; ;;Avenue André capron;;06029;;;chpayet;20200512124554;chpayet;20200512124554;{67C17E81-EE01-45E7-8A2A-781C462BFFEF};;7.035544872;43.5483284
9218;;PAV cuve enterrée;2 m3;1; ;;26 avenue maréchal juin ;;06029;;;chpayet;20200512125701;chpayet;20200512125701;{4BB3C03B-B32C-4144-AD2B-C5F4FF21058C};;7.033379078;43.55047607
8015;;Colonne aérienne;2 m3;1; ;;327 avenue de grasse;;06029;;;chpayet;20200429120011;chpayet;20200429120011;{72A3BC12-F668-4C48-BE78-B3494BACC447};;7.004721642;43.56766891
8016;;Colonne aérienne;2 m3;1; ;;250 avenue de grasse;;06029;;;chpayet;20200429120410;chpayet;20200429120410;{0C51EAC4-496E-45C5-A571-0F6437A91015};;7.004723549;43.56678009
10413;;Colonne aérienne;2 m3;1; ;;Avenue des hesperides;Angle avenue louis grosso;06029;Cliiink ;;chpayet;20200611121428;chpayet;20200611121428;{A46C8E6B-65A8-47B2-86DB-D4C18A232D1B};;7.036798954;43.54264832
8017;;Colonne aérienne;2 m3;1; ;;12 boulevard cointet;;06029;;;chpayet;20200429124926;chpayet;20200429124926;{5BBDE398-325F-4EC2-82E8-7FF2B27C6FD0};;6.993054867;43.55534363
12817;;PAV cuve enterrée;3 m3;1; ;;Boulevard chanoine Francis coeuret;;06029;;;chpayet;20200630115753;chpayet;20200630115753;{A98190F9-5895-4C77-BF53-8EDB3EAF9AE4};;7.037537575;43.54508972
10414;;PAV cuve enterrée;3 m3;1;Contenur;;Place saint jin jin;;06029;;;chpayet;20200611122203;chpayet;20200611122203;{10C198E2-0868-40D5-ADF9-577D1E768520};;7.03855896;43.54258728
10415;;Colonne aérienne;2 m3;1; ;;Avenue beau séjour parc monfleury ;;06029;;;chpayet;20200611125006;chpayet;20200611125006;{777561A0-A251-4DF9-A5C3-19B023832CCF};;7.032919407;43.5533905
12818;;Colonne aérienne;2 m3;1; ;;Boulevard de la source;;06029;;;chpayet;20200630120515;chpayet;20200630120515;{52F421C7-2F8D-49FA-A2E1-5BD27C2481C3};;7.04519558;43.54583359
12819;;PAV cuve enterrée;3 m3;1;Contenur;;33 boulevard de la source;;06029;;;chpayet;20200630120702;chpayet;20200630120702;{292F42E0-50A3-410D-A42F-32219F3ED246};;7.043694973;43.54529572
10416;;Colonne aérienne;2 m3;1; ;;Avenue Lily pons;;06029;Cliiink ;;chpayet;20200611125621;chpayet;20200611125644;{4655CA3B-1812-4F2D-8421-13C6DA8D948D};;7.035783768;43.55135345
10417;;Colonne aérienne;2 m3;1; ;;58 avenue de la roubine;;06029;Cliiink ;;chpayet;20200611133810;chpayet;20200611133810;{ECD52819-9F36-4B7B-9E02-12E39640E03F};;6.971886635;43.54782104
10418;;Colonne aérienne;2 m3;1; ;;Rue Anthony dozol;;06029;Cliiink ;;chpayet;20200611134726;chpayet;20200611134726;{EA197FEA-05AC-4DE1-8955-D5DB8D70E515};;6.971076488;43.55228043
10419;;Colonne aérienne;2 m3;1; ;;Avenue troubadour;;06029;;;chpayet;20200611135922;chpayet;20200611135922;{92B2DC64-0B2D-4345-9975-8AE0223E9507};;6.968669415;43.55397415
10420;;Colonne aérienne;2 m3;1; ;;Impasse des lavandes;;06029;;;chpayet;20200611140304;chpayet;20200611140304;{B2CF3041-DBE7-495C-9BEC-AAF84243F201};;6.970090866;43.55662537
10818;;PAV cuve enterrée;4 m3;1; ;;Rue du docteur escarras;;06079;Cliiink ;;chpayet;20200618133208;chpayet;20200817073046;{2D72AA4D-B7EB-4E15-ADBB-DE4FCE18B05A};;6.938548565;43.55632401
10421;;PAV cuve enterrée;3 m3;1;Contenur;;Boulevard pierre de coubertin;;06029;;;chpayet;20200611140827;chpayet;20200611140827;{21A06119-92FC-4171-AAC6-0D8DCC9CFD85};;6.966118813;43.55082703
12820;;Colonne aérienne;2 m3;1; ;;Avenue selvosa;;06029;;;chpayet;20200630123544;chpayet;20200630123544;{20AFD7BF-26B1-4C20-B219-FE5A40D6E99E};;7.029602528;43.55632782
6005;;Colonne aérienne;3 m3;1;Plastic Omnium;;Allée de la marine;;06079;;;chpayet;20200217142240;chpayet;20200817074234;{56261DA8-E5F0-4D6F-A909-FBBBE42CBE1F};;6.939962387;43.53763199
12821;;Colonne aérienne;2 m3;1; ;;Boulevard du midi;;06029;;Oui;chpayet;20200630132515;chpayet;20200630132515;{833672D2-ECBC-44D2-8CE7-F0A677FBA5D0};;6.962455273;43.54232788
10817;;PAV cuve enterrée;4 m3;1; ;;Place du souvenir français ;;06079;;;chpayet;20200618132557;chpayet;20200817073125;{D922EF1C-E9BF-4B5E-9E61-A12DB91E60F4};;6.937367916;43.55520248
9211;;PAV cuve enterrée;4 m3;1; ;;Avenue janvier passero;;06079;;;chpayet;20200512091942;chpayet;20200817073142;{2893EAC1-3E91-4991-8D79-9721E04E29F6};;6.938307285;43.55396652
8415;;PAV cuve enterrée;4 m3;1; ;;Avenue des anciens combattants ;Gymnase costerousse;06079;;;chpayet;20200505100534;chpayet;20200817073436;{471CA15A-B82C-4344-84DD-32A4562F6DDA};;6.941402912;43.5547142
8410;;Colonne aérienne;3 m3;1;Plastic Omnium;;Allée calypso ;;06079;;;chpayet;20200505082113;chpayet;20200817074452;{C2422FBF-BE9E-4ABF-8C80-E3A37D4BFC01};;6.936659336;43.53462219
9212;;PAV cuve enterrée;4 m3;1; ;;295 avenue janvier passero ;;06079;Cliiink ;;chpayet;20200512093031;chpayet;20200817073515;{0FCAF4CC-0CA8-4E08-B7B2-148E281D8722};;6.938149929;43.55067062
8417;;Colonne aérienne;4 m3;1;Plastic Omnium;;166 avenue janvier passero;;06079;;;chpayet;20200505103914;chpayet;20200817073602;{D7208EAA-B31F-4624-B4FA-9105BE795439};;6.938667297;43.54777908
8411;;Colonne aérienne;3 m3;1;Plastic Omnium;;Allée calypso ;;06079;;;chpayet;20200505082643;chpayet;20200817074509;{DFD763BB-1421-4C07-922F-6163585D9BB5};;6.935374737;43.53440094
8416;;PAV cuve enterrée;4 m3;1; ;;Place des mimosas;;06079;Cliiink ;;chpayet;20200505103308;chpayet;20200817073650;{C471B527-F119-412D-86C9-DD2FE4E7CB3C};;6.937779903;43.54428482
8414;;Colonne aérienne;4 m3;1;Plastic Omnium;;Boulevard des écureuils ;;06079;;;chpayet;20200505095011;chpayet;20200817073722;{2553CF7D-A8F6-43A1-9716-46150904739A};;6.942528725;43.54159927
8407;;PAV cuve enterrée;4 m3;1; ;;Avenue de la pinea;;06079;;;chpayet;20200505075305;chpayet;20200817074611;{C5B12D3D-F783-4BB4-A1F2-3D798762290F};;6.945571899;43.53545761
8413;;PAV cuve enterrée;4 m3;1; ;;Rue saint Vincent de paul;;06079;;;chpayet;20200505094213;chpayet;20200817073759;{90479CA8-DB57-4D29-9A09-BB91D50C66DF};;6.938502789;43.5412178
6807;;Colonne aérienne;3 m3;1;Plastic Omnium;;Parking géant casino;791 avenue de frejus;06079;Cliiink ;;chpayet;20200220123721;chpayet;20200817074723;{D0324CBF-0510-49BA-9630-611A63EB24A6};;6.93385458;43.53302383
8409;;PAV cuve enterrée;4 m3;1; ;;Route du golf;;06079;;;chpayet;20200505081527;chpayet;20200817074759;{0D4E6F73-EFD0-41D9-9722-D0DF408E432B};;6.937855244;43.53215408
15615;;Colonne aérienne;4 m3;1; ;;Rue Jean monnet;;06079;;;chpayet;20200817085405;chpayet;20200817085405;{B928D088-D851-4AE1-8288-D98FD3527396};;6.916789532;43.54120255
15616;;Colonne aérienne;3 m3;3;Plastic Omnium;;Domaine du grand duc;;06079;;;chpayet;20200817090616;chpayet;20200817090616;{447BB0AB-9A59-4F46-8660-5066B9D32B47};;6.913802147;43.54531097
10813;;PAV cuve enterrée;2 m3;1; ;;36 rue Jean jaures;;06029;;;chpayet;20200618122453;chpayet;20200618122453;{E70AE9AC-95EB-4E1D-8926-599F3ED080C0};;7.022081375;43.55360794
10814;;Colonne aérienne;2 m3;1; ;;274 boulevard des termes;;06079;Cliiink ;;chpayet;20200618125044;chpayet;20200618125044;{641E59B8-35B8-4652-A299-1A24C896D86E};;6.931351662;43.54460144
10815;;Colonne aérienne;2 m3;1; ;;Boulevard bellevue;;06079;;;chpayet;20200618130037;chpayet;20200618130037;{0C1B3573-01A8-4950-BE37-7ED534156BCB};;6.928292751;43.54918671
10816;;Colonne aérienne;2 m3;1;Citec;;Avenue des mussugues;;06079;;;chpayet;20200618131013;chpayet;20200618131013;{9D82BD2E-F206-4AAF-B0DF-4ADB00E69138};;6.927843571;43.54883194
15617;;PAV cuve enterrée;4 m3;1; ;;Avenue du riou;;06079;Cliiink ;;chpayet;20200817092953;chpayet;20200817092953;{245AD3FA-BFE4-4520-B164-84F0D080A231};;6.938020229;43.52732849
13616;;Colonne aérienne;3 m3;1;Plastic Omnium;;Rue madame de sevigne ;;06079;;;chpayet;20200721131404;chpayet;20200721131404;{4994F5D7-DDDE-4982-AB34-2651F1B39A8D};;6.933107376;43.54032516
10820;;PAV cuve enterrée;2 m3;1; ;;Avenue bon pin;;06079;;;chpayet;20200618134741;chpayet;20200618134741;{9331A261-D29C-429F-8739-831638C7602A};;6.939243317;43.56277084
7626;;Colonne aérienne;3 m3;1; ;;89 chemin de l olivet ;;06030;;;chpayet;20200417105735;chpayet;20200722113621;{5C66FE98-F8BD-4376-B763-0265DFD689AF};;6.991266251;43.56892014
13215;;Colonne aérienne;3 m3;1;Plastic Omnium;;Chemin de garibondy;;06030;;;chpayet;20200715124821;chpayet;20200722113823;{9F4CEFDA-4F35-4CD7-B64F-C87EBA75F4D3};;6.967571735;43.56157303
7610;;Colonne aérienne;3 m3;1; ;;171 avenue Michel Jourdan ;;06030;Cliiink ;;chpayet;20200417082950;chpayet;20200722114139;{A9B94D9F-7008-47D0-BF75-C630BE399516};;6.964924812;43.5653038
7613;;PAV cuve enterrée;4 m3;1; ;;2 chemin des vallons;;06030;;;chpayet;20200417085108;chpayet;20200722114404;{3949817F-9039-4A1C-81B0-CB5610B6B0CD};;6.972607136;43.56878281
5616;;PAV cuve enterrée;4 m3;1; ;;Boulevard de l esterel;;06030;;;chpayet;20200213104451;chpayet;20200722114550;{A7E6C63F-5FC9-422C-9753-8FCA77DBA027};;6.977154255;43.56303787
7624;;PAV cuve enterrée;4 m3;1; ;;Avenue Georges Pompidou ;;06030;;;chpayet;20200417104806;chpayet;20200722114743;{89C0C747-4DAF-4087-9EA3-B0781247F995};;6.98175621;43.56882477
7625;;Colonne aérienne;4 m3;1; ;;Avenue Georges Pompidou ;;06030;Cliiink ;;chpayet;20200417105413;chpayet;20200722115037;{D54617C8-638F-4D12-A15C-9A733959CA6F};;6.98700428;43.56985474
5614;;Colonne aérienne;4 m3;1;Plastic Omnium;;Avenue du général de gaulle;Parking casino;06030;Cliiink ;Oui;chpayet;20200213102016;chpayet;20200722115150;{8E227332-164B-49D3-85D0-B2F6B5AADEF5};;6.995797634;43.56916428
15618;;Colonne aérienne;4 m3;1;Plastic Omnium;;Avenue du riou;;06079;Cliiink ;;chpayet;20200817093211;chpayet;20200817093211;{BE3137B8-0BD0-4AF1-B537-75CE1CDA5CC5};;6.942007542;43.52822113
7211;;PAV cuve enterrée;4 m3;1;Contenur;;Chemin de l aubarede ;;06030;;;chpayet;20200310100326;chpayet;20200722115836;{3BAB03EC-9B22-484A-B476-7C1A1CFE1174};;6.984145641;43.57313156
15619;;Colonne aérienne;3 m3;1; ;;12 Avenue de benefiat;;06029;;;chpayet;20200817120906;chpayet;20200817120921;{593D59A1-511D-4A36-8FFB-D94597FC1296};;7.029261589;43.55977249
17215;;Colonne aérienne;3 m3;1; ;;Parking port moure rouge;;06029;;;chpayet;20200825074826;chpayet;20200825074826;{21B94E6A-D71C-434C-9D7B-18A4E2DC4B9F};;7.042625427;43.54352188
17216;;Colonne aérienne;3 m3;1; ;;54 avenue de grasse;;06029;;;chpayet;20200825082838;chpayet;20200825082838;{96689050-7545-4587-9F3D-CCB77FE8B1FD};;7.006360531;43.56494141
5613;;PAV cuve enterrée;4 m3;1; ;;Boulevard Jacques monod;Parking des fades;06030;Cliiink ;;chpayet;20200213101215;chpayet;20200722120306;{95531C1F-3C2D-49EB-83A7-C13C33DDD18C};;6.99702549;43.5749054
8013;;Colonne aérienne;3 m3;1;Plastic Omnium;;Rue auguste taba;;06030;Cliiink ;;chpayet;20200429112023;chpayet;20200722120435;{18FBB315-C898-4566-BED4-C3AE1132747E};;7.002414703;43.57622528
17217;;Colonne aérienne;4 m3;1;Plastic Omnium;;Avenue saint louis;;06029;;;chpayet;20200825085252;chpayet;20200825085252;{23FDB93F-DAF3-4D80-8AF1-6BA0A1048E0C};;7.014897823;43.55654907
5612;;Colonne aérienne;4 m3;1;Plastic Omnium;;7 rue Jules ferry;;06030;;Oui;chpayet;20200213100426;chpayet;20200722120510;{AC290C63-7627-46E8-8D9F-C2D699565324};;7.000851154;43.57297134
5611;;PAV cuve enterrée;4 m3;1; ;;24 avenue de la pinede;;06030;Cliiink ;;chpayet;20200213100200;chpayet;20200722120635;{683FF53A-69E8-4903-82EA-3D42C03548BD};;7.003452301;43.5731163
8014;;Colonne aérienne;3 m3;1;Plastic Omnium;;Chemin des lauriers;;06030;Cliiink ;;chpayet;20200429114624;chpayet;20200722120720;{35C38FE5-53D7-4C67-84FE-093278149E73};;7.001698494;43.57024384
5609;;Colonne aérienne;3 m3;1;Plastic Omnium;;8 avenue des écoles;;06030;;;chpayet;20200213095229;chpayet;20200722120947;{53A950D2-7678-4A82-8286-B8EBCFF7C5B8};;7.006223202;43.57047653
16015;;Colonne aérienne;3 m3;1; ;;175 avenue Michel jourdan;;06030;;;chpayet;20200818094254;chpayet;20200818094254;{12E5A5CB-33F0-4ABF-870F-F2AA4D1B22A4};;6.964517593;43.56597519
11614;;PAV cuve enterrée;3 m3;1; ;;Rue Victor cousin;;06029;;;chpayet;20200623093743;chpayet;20200623093743;{4EEF9396-6E30-458F-9720-7F96E07A5495};;7.024149895;43.55136871
12815;;Colonne aérienne;3 m3;1;Contenur;;40 Chemin du perrier;;06030;;;chpayet;20200630091030;chpayet;20200722121605;{1FE230DC-8DFB-4967-9C86-583510350B76};;7.00042963;43.56640625
3206;;PAV cuve enterrée;4 m3;1; ;;Place benidorm;;06030;;;chpayet;20200130140854;chpayet;20200722121847;{AF180A6D-556E-4361-8F67-F075A5A99461};;7.015028477;43.57060242
3207;;Colonne aérienne;3 m3;1;Plastic Omnium;;Avenue lacour;Face police municipale ;06030;;;chpayet;20200130141748;chpayet;20200722121932;{1ECBE717-5B9D-45B2-8FF0-FA34AAC74E84};;7.018887043;43.56887054
11213;;PAV cuve enterrée;4 m3;1; ;;Rue des orangers a l angle;;06030;;;chpayet;20200622123859;chpayet;20200722122225;{5F7D0829-9D85-4974-A808-EA2FC10898A0};;7.017909527;43.57499313
5607;;Colonne aérienne;3 m3;1;Plastic Omnium;;8 avenue Albert 1 er;angle rue des pins;06030;;;chpayet;20200213085736;chpayet;20200722122350;{51E9CE34-8592-42C6-BDCF-5CD2A964A1EE};;7.027257919;43.57310867
7206;;PAV cuve enterrée;4 m3;1; ;;10 boulevard d olivetum;;06030;;;chpayet;20200310084702;chpayet;20200722122415;{DF9FB992-80F3-4231-B49C-420DD03A7B32};;7.025256634;43.57056427
7205;;PAV cuve enterrée;4 m3;1; ;;21 avenue thiers;face jardin d'enfant;06030;Cliiink ;;chpayet;20200310084009;chpayet;20200722122456;{C684BEBE-6E02-4711-BD83-97CA18921587};;7.024147034;43.56985855
12816;;PAV cuve enterrée;4 m3;1; ;;Avenue du repos;;06030;;;chpayet;20200630093527;chpayet;20200722122653;{1B522953-3C4B-4576-AA43-8F55B7D244FF};;7.014316082;43.57514954
7208;;Colonne aérienne;3 m3;1; ;;27 rue des moulières ;;06030;;;chpayet;20200310092152;chpayet;20200722122925;{98E96757-9AFC-478F-A11A-39CC56433E56};;7.016391277;43.57755661
7207;;Colonne aérienne;3 m3;1;Plastic Omnium;;Chemin font de gallou;angle route des breguieres;06030;;;chpayet;20200310091830;chpayet;20200722123113;{96405317-A1A8-4339-BBAF-94650179420F};;7.018706322;43.57850647
8807;;Colonne aérienne;3 m3;1;Plastic Omnium;;58 route des breguieres;;06030;;;chpayet;20200507080103;chpayet;20200722123256;{4165D80B-CD0E-4B31-94B8-C69E54C0C59E};;7.02413559;43.58333588
3210;;Colonne aérienne;4 m3;1;Plastic Omnium;;Avenue mont joli;;06030;;Oui;chpayet;20200130145916;chpayet;20200722123501;{623C649B-5178-4C7A-9FF0-0C7F6350E697};;7.009541035;43.58082581
11615;;Colonne aérienne;2 m3;1; ;;28 boulevard commandant bret;;06029;Cliiink ;;chpayet;20200624090938;chpayet;20200624090938;{99F65957-572F-4845-A469-F5081A67CBB5};;7.022379875;43.56033707
16415;;PAV cuve enterrée;4 m3;1;Contenur;;Avenue pierre semard;;06029;;;chpayet;20200819085400;chpayet;20200819085400;{91114210-92D6-4B48-81FF-2576EB07F36A};;6.977398872;43.5483284
11616;;Colonne aérienne;2 m3;1; ;;12 boulevard d oxford;;06029;;;chpayet;20200624091415;chpayet;20200624091415;{1CD8ADFB-11C9-471E-BA45-AC5B8EDFBCCE};;7.023711205;43.56441498
5610;;PAV cuve enterrée;4 m3;2; ;;avenue mont joli;parking stade maurice jean pierre;06030;Cliiink ;;chpayet;20200213095817;chpayet;20200722123634;{755D6B3A-8149-4CD8-98CB-E54809864559};;7.006903172;43.5767746
11617;;Colonne aérienne;2 m3;1; ;;Avenue commandant bret;;06029;;;chpayet;20200624091838;chpayet;20200624091838;{1299EC66-09F9-4A34-80C4-A21AE7EBD5DE};;7.024918079;43.56283188
11618;;Colonne aérienne;2 m3;1; ;;38 boulevard d Oxford ;;06029;;;chpayet;20200624092835;chpayet;20200624092835;{1FF671BB-AD65-456D-B2B5-6B335787F956};;7.028478622;43.56412125
6405;;PAV cuve enterrée;4 m3;1; ;;19 avenue docteur Raymond picaud;;06029;;;chpayet;20200218130805;chpayet;20200826074156;{4945379B-BCAC-4C43-AE7E-5288176F67AB};;7.002584934;43.55066299
12015;;Colonne aérienne;2 m3;1; ;;Avenue des araucarias;;06029;;;chpayet;20200626123256;chpayet;20200626123256;{3881AD8F-FC46-4B62-8E69-15BF9D2BBBFE};;7.030116558;43.56180191
12016;;Colonne aérienne;2 m3;1; ;;56 avenue prince de galles;;06029;;;chpayet;20200626130351;chpayet;20200626130351;{94AB067C-9BC3-4A6F-BFF6-61B20F8DE0B8};;7.027574062;43.56111908
14015;;PAV cuve enterrée;3 m3;1;Contenur;;Rue Marcel pagnol;;06030;;;chpayet;20200723083247;chpayet;20200723083247;{5B8C4DB7-7A05-4023-925B-BDC21717CF5F};;6.98854351;43.57376099
16815;;Colonne aérienne;3 m3;1; ;;Avenue Jean de noailles;;06029;;;chpayet;20200824082738;chpayet;20200824082738;{7A7CD4B7-2242-40A0-B3EB-BFD5F9606E20};;6.992127895;43.55834961
14016;;Colonne aérienne;3 m3;1; ;;Impasse François tuby;;06030;;;chpayet;20200723091212;chpayet;20200723091212;{9F8A0E44-D071-467E-8589-54C0B4A339AC};;6.975387573;43.5602951
14017;;Colonne aérienne;3 m3;1;Plastic Omnium;;Chemin de saint joseph;Edf;06030;;;chpayet;20200723091628;chpayet;20200723091628;{6DFBC25B-2B5A-43BC-B335-FD82F5A7367C};;6.980570316;43.56632233
14018;;Colonne aérienne;4 m3;1;Plastic Omnium;;Déchèterie du cannet;Traverse de l aubarede;06030;;;chpayet;20200723092352;chpayet;20200723092352;{0A29DE42-2D62-4903-8A4B-0223B3748DB9};;6.984169483;43.56700134
14019;;Colonne aérienne;3 m3;1;Plastic Omnium;;Avenue bir hakeim;Angle maréchal juin;06030;;;chpayet;20200723093341;chpayet;20200723093341;{D38A9E22-746B-4E54-A938-8B1D86B0C63E};;6.977417946;43.56967545
8808;;Colonne aérienne;4 m3;1;Plastic Omnium;;Chemin de gavary;;06029;;Oui;chpayet;20200507090608;chpayet;20200723132331;{0528846E-354E-46A0-A941-89E23E812E38};;7.031658173;43.5702095
14020;;Colonne aérienne;3 m3;1; ;;Allée des cougoussolles;;06030;Cliiink ;;chpayet;20200723134421;chpayet;20200723134421;{17F63825-A388-47DD-B917-6FB09FF0D93F};;7.00867939;43.57318878
6806;;Colonne aérienne;4 m3;1;Plastic Omnium;;763 chemin des cabrieres;;06085;;;chpayet;20200220082918;chpayet;20200727102554;{40E66CBA-23DE-42F8-97FA-2BB62FC69AAF};;6.988236427;43.58338165
7614;;PAV cuve enterrée;4 m3;1; ;;Chemin de faissole;;06085;Cliiink ;;chpayet;20200417090500;chpayet;20200727102614;{2D66EECA-B0D2-4433-9DF1-3848F6E4C0B8};;6.997941494;43.58359528
6805;;Colonne aérienne;4 m3;1;Plastic Omnium;;Chemin de campane;;06085;Cliiink ;Oui;chpayet;20200220081557;chpayet;20200727102639;{E198FC0D-D178-47A1-8220-4BA0FBE5DC98};;6.998521805;43.58777237
8011;;Colonne aérienne;4 m3;1; ;;Chemin de la grande bastide;;06085;Cliiink ;;chpayet;20200429103638;chpayet;20200727102707;{E82AD6BA-DEF2-4E60-97B7-339EC843B02F};;6.990375996;43.59030151
8012;;PAV cuve enterrée;4 m3;2; ;;1332 avenue notre dame de vie;;06085;;;chpayet;20200429110241;chpayet;20200727102740;{C069C4A9-C037-4675-A39F-EF0A5730AA49};;7.001535892;43.59329224
7615;;PAV cuve enterrée;4 m3;1; ;;Avenue maréchal juin;;06085;Cliiink ;;chpayet;20200417091629;chpayet;20200727102825;{68B52455-1001-4ECA-8864-AB3691C59C5D};;6.98811388;43.59629059
11216;;Colonne aérienne;3 m3;1;Plastic Omnium;;Chemin de font de currault ;;06085;;;chpayet;20200622135521;chpayet;20200727102856;{1374E7BC-43EE-4D07-980B-79B9A770F9E0};;7.032454014;43.59142303
10013;;PAV cuve enterrée;4 m3;1;Contenur;;Rue du grand mur;place des arcades;06085;;;chpayet;20200602123517;chpayet;20200727103253;{755340B4-9DFC-42D0-A4D7-99D556DBC52B};;7.039881229;43.58707428
10014;;PAV cuve enterrée;4 m3;1;Plastic Omnium;;rue saint jacques;;06085;;;chpayet;20200602131923;chpayet;20200727103442;{A302A278-EF4C-43C3-937C-AA30CB825707};;7.041419983;43.58895111
12415;;Colonne aérienne;2 m3;1; ;;Boulevard pierre poesi;;06029;;;chpayet;20200629133010;chpayet;20200629133010;{4A0E5198-94BF-4357-8DDB-A23293A5490D};;6.962885857;43.55253601
16816;;Colonne aérienne;2 m3;1; ;;Aérodrome cannes Mandelieu-la-Napoule ;;06029;;;chpayet;20200824090408;chpayet;20200824090408;{1D36914C-FE27-4145-84C8-33AE8205770F};;6.95404911;43.54820251
12416;;Colonne aérienne;2 m3;1; ;;Chemin bastide rouge;Derrière kiabi;06029;;;chpayet;20200629133534;chpayet;20200629133534;{E28D4031-B2AC-47D8-9AAA-F9866EF48D93};;6.956549644;43.55214691
11215;;PAV cuve enterrée;4 m3;1;Contenur;;Allée de l'orme;;06085;;;chpayet;20200622133920;chpayet;20200727112031;{D4851BEA-3C9D-4CE1-B62D-B7190DD2E639};;7.015599251;43.60962677
16817;;PAV cuve enterrée;4 m3;1; ;;Boulevard esterel parc;;06079;;;chpayet;20200824122142;chpayet;20200824122142;{B147B3B4-5BF3-4246-89F8-85D0FFEAECDC};;6.933129311;43.5357933
16818;;PAV cuve enterrée;4 m3;1; ;;Avenue Marcel pagnol;;06079;Cliiink ;;chpayet;20200824134326;chpayet;20200824134326;{E1D75A70-538A-4D54-8AA0-A9C66CE98B64};;6.942296982;43.54722214
17615;;Colonne aérienne;3 m3;1; ;;Déchèterie tourrades;;06029;;;chpayet;20200826083818;chpayet;20200826083818;{63444290-0A33-47A1-8ED3-2081E4C244BB};;6.954752445;43.55693817
11214;;PAV cuve enterrée;4 m3;1; ;;allee henri barbara;;06085;;;chpayet;20200622132905;chpayet;20200727112234;{C9B66F9A-8BCD-44E8-9ABE-206CA8769F30};;7.011048794;43.6072731
8009;;PAV cuve enterrée;4 m3;1; ;;Avenue font roubert;;06085;;;chpayet;20200429101203;chpayet;20200727112414;{7D1DD1FC-C261-414A-858B-F39E8099BFB3};;7.001676083;43.6046524
17616;;Colonne aérienne;3 m3;1; ;;Quai saint pierre;;06029;;;chpayet;20200826104207;chpayet;20200826104207;{909437DD-6156-49A1-9D07-79FF642C2F27};;7.012310505;43.54959106
8010;;PAV cuve enterrée;4 m3;1; ;;89 avenue du moulin de la croix;;06085;Cliiink ;;chpayet;20200429101943;chpayet;20200727112522;{49967CED-F997-4F6E-912E-6F67E6FDBD06};;6.997449875;43.60097885
7616;;Colonne aérienne;4 m3;1; ;;559 Avenue de tournamy;;06085;;;chpayet;20200417093631;chpayet;20200727112720;{0378EE97-249E-4D88-AC58-BAE3B29B6549};;6.986271858;43.60194778
17617;;Colonne aérienne;4 m3;1; ;;Jetée Albert Édouard ;;06029;Cliiink ;;chpayet;20200826110951;chpayet;20200826110951;{63D92ABB-A0B8-4179-B954-D378360AE4AA};;7.017045975;43.54857254
14815;;Colonne aérienne;3 m3;1;Plastic Omnium;;Chemin de la plaine;;06085;;;chpayet;20200727121933;chpayet;20200727121933;{EE3BB45D-3EE0-48BB-ABA0-B380B1668D64};;6.970278263;43.60225677
14816;;PAV cuve enterrée;4 m3;1;Plastic Omnium;;Chemin du refuge;;06085;;;chpayet;20200727123432;chpayet;20200727123432;{D082FBD8-B8B8-4808-B18B-F9FEA9EC7A4D};;6.992378712;43.58101654
7210;;PAV cuve enterrée;4 m3;1; ;;Avenue lamartine;;06085;;;chpayet;20200310095656;chpayet;20200727124020;{1C052AE4-0F18-4195-902C-21DFA6CBCFE0};;6.985003948;43.5744133
14817;;Colonne aérienne;4 m3;1;Plastic Omnium;;Chemin du coudouron;;06085;;;chpayet;20200727125234;chpayet;20200727125234;{E1DCE667-FD92-4D22-8120-5179FA802B78};;6.964646816;43.58164215
11613;;PAV cuve enterrée;3 m3;1;Contenur;;Avenue petite colline;;06085;;;chpayet;20200623063030;chpayet;20200727133145;{EE57E796-B764-4F17-AEE5-9DE98A27595B};;7.041609287;43.59096909
