objectid;id;type;volume;quantite;marque;date_instal;adresse;adresse_comp;code_insee;observations;creation;date_creation;modification;date_modification;globalid;etat;_x;_y
2002;;Bac aérien avec cache bac;660 L;1;Plastic Omnium;;Gare tsm;;06138;;chpayet;20191204083917;chpayet;20191204083917;{5C455C7F-2CAF-4B57-8B69-686691E7ACAA};;6.937009335;43.51330185
3202;;Bac aérien avec cache bac;660 L;3;Plastic Omnium;;Résidence les terrasses de saint honorat;;06138;;chpayet;20200102131948;chpayet;20200102131948;{449AE0D0-B256-49C2-84F7-87F4248CA3CC};;6.941518307;43.49053955
2003;;Bac aérien sans cache bac;660 L;1;Plastic Omnium;;Prince des iles;;06138;;chpayet;20191204084630;chpayet;20191204084630;{FED2233C-9710-40F1-ACF4-58134F0BB9FE};;6.937398434;43.50917053
2004;;Bac aérien sans cache bac;660 L;1;Plastic Omnium;;Avenue de lerins trottoir de l eglise;;06138;;chpayet;20191204085306;chpayet;20191204085306;{058DC0AE-423C-4FEB-8D30-D4C113428CD8};;6.938352585;43.50808716
2005;;Bac aérien sans cache bac;660 L;1;Plastic Omnium;;Avenue de lerins angle traverse magasin souvenirs;;06138;;chpayet;20191204090036;chpayet;20191204090036;{53D62EB0-B046-4D5D-B636-94646AC984AA};;6.940555573;43.50768661
2007;660051915 / 660050415;Bac aérien sans cache bac;660 L;2;Contenur;;Chemin du débarcadère ;;06138;;chpayet;20191204091720;chpayet;20191204091720;{82C7C496-B6B1-453A-B80C-0DAE42D55C04};;6.94238615;43.50693893
2803;660051615;Bac aérien sans cache bac;660 L;1;Contenur;;17 avenue de Provence ;;06138;;chpayet;20191211081045;chpayet;20191211081045;{E1A1D903-433E-47A8-BB2E-0BCA7BE7F61E};;6.935194016;43.50863266
2008;;Bac aérien sans cache bac;660 L;1;Plastic Omnium;;13 jb pastor;;06138;;chpayet;20191204093429;chpayet;20191204093617;{F99EABC7-5945-4C61-94AA-CCB3E9FB8659};;6.938827038;43.50522995
2009;660052715;Bac aérien sans cache bac;660 L;1;Contenur;;Parking vallon l autelgy;;06138;;chpayet;20191204095852;chpayet;20191204095928;{54A6D6C6-A696-4AF9-8D4D-7A2AF7EDD682};;6.937232494;43.50342941
2402;660016917;Bac aérien avec cache bac;660 L;1;Contenur;;Rue de lerins plage maurin;;06138;;chpayet;20191206082757;chpayet;20191206082757;{7CB78388-F3B8-4C7F-82DC-DD1BE66783D0};;6.937113762;43.51483917
2403;660201419;Bac aérien avec cache bac;660 L;1;Contenur;;Rue du sanglier;;06138;;chpayet;20191206083719;chpayet;20191206083719;{B1692B27-E972-4480-BA4C-5541B82A85B3};;6.940507412;43.50536728
2404;C054;Bac aérien sans cache bac;660 L;1;Citec;;32 avenue corniche d or;;06138;;chpayet;20191206084101;chpayet;20191206084305;{2158718C-2D4D-4FEF-B45F-BC2FC5445837};;6.94370079;43.50608444
2405;C 056 / c 055;Bac aérien avec cache bac;660 L;2;Plastic Omnium;;Avenue corniche d or;;06138;;chpayet;20191206084749;chpayet;20191206084749;{F5E9F8AB-8A52-4823-8C64-BBDD1B05AA42};;6.950307369;43.50491714
2406;;Bac aérien sans cache bac;750 L;1;Plastic Omnium;;Avenue corniche d or;Face restaurant l air du temps;06138;;chpayet;20191206085706;chpayet;20191206085706;{F409465F-2340-4EEA-A7E2-0EEEF56BF084};;6.953064919;43.50130844
2407;;Bac aérien sans cache bac;660 L;1;Contenur;;Avenue corniche d or;Face restaurant l air du temps ;06138;;chpayet;20191206085818;chpayet;20191206085818;{E5FFDEDB-2F25-4E7F-8736-FE3F78ECE3F7};;6.9530797;43.50128937
2408;C083;Bac aérien avec cache bac;660 L;1;Plastic Omnium;;37 avenue miramar ;;06138;;chpayet;20191206091045;chpayet;20191206091045;{0BB0268B-C1ED-4DEE-A617-14A264408FD4};;6.941088676;43.48666763
2409;6601901442;Bac aérien avec cache bac;660 L;1;Contenur;;Corniche avenue miramar ;;06138;;chpayet;20191206091414;chpayet;20191206091414;{CE483A52-390B-43BE-A409-01F1A65DBBB1};;6.941562653;43.48652267
2410;;Bac aérien sans cache bac;660 L;2;Plastic Omnium;;Avenue miramar ;Proche port figueirette;06138;;chpayet;20191206092153;chpayet;20191206092153;{34B806E5-FF13-4F8B-A091-DC71830D7EFB};;6.931451797;43.48450851
2411;;Bac aérien sans cache bac;240 L;1;Plastic Omnium;;Avenue miramar ;Proche port figueirette ;06138;;chpayet;20191206092313;chpayet;20191206092313;{4A502D36-C145-4FC7-AB1B-7A52728B9104};;6.931437969;43.48450851
2804;C 004;Bac aérien sans cache bac;660 L;1;Plastic Omnium;;Avenue de Provence ;;06138;;chpayet;20191211081530;chpayet;20191211081530;{9C3245C8-34FD-483A-B1E5-FB28CFA759D9};;6.934546947;43.50960541
2412;660009218,6601801328,c110;Bac aérien avec cache bac;660 L;3; ;;16 avenue du trayas;;06138;;chpayet;20191206094139;chpayet;20191206094139;{85FCBB7E-829C-4A12-8C9F-26864FFA595C};;6.929890633;43.4840889
2413;6601801329,c107,660007618;Bac aérien avec cache bac;660 L;3;Contenur;;16 avenue du trayas;Or parking face restaurant matipi;06138;;chpayet;20191206094453;chpayet;20191206094453;{14E7D265-B53C-4F0C-A93C-833632A5A553};;6.929903984;43.48402786
2805;660050515;Bac aérien sans cache bac;660 L;1;Contenur;;Avenue du midi;;06138;;chpayet;20191211082032;chpayet;20191211082032;{DD0DDBB4-17CE-4BF6-8D98-F2E94D05018D};;6.936407566;43.5085907
2414;;Bac aérien avec cache bac;660 L;1;;;16 avenue du trayas;;06138;;chpayet;20191206094728;chpayet;20191206094728;{83E9E79C-30B9-4810-A497-57A622270EFA};;6.929938316;43.48403549
2415;;Bac aérien avec cache bac;< 240 L;1; ;;16 avenue du trayas ;;06138;;chpayet;20191206094909;chpayet;20191206094909;{26C0D5E8-5A31-4B7E-B802-F1CDFBCF5270};;6.929922104;43.48405075
2806;660051715;Bac aérien sans cache bac;660 L;1;Contenur;;1992 avenue du midi;;06138;;chpayet;20191211082643;chpayet;20191211082643;{963293CA-7440-4829-B5A4-E45C0AE57F56};;6.93471384;43.50694275
2416;660191761;Bac aérien sans cache bac;660 L;1;Contenur;;Avenue miramar résidence port miramar ;;06138;;chpayet;20191206095627;chpayet;20191206095627;{942DAF18-34FA-415B-A259-84208096EB9E};;6.93022728;43.48181915
2417;;Bac aérien sans cache bac;660 L;1;Plastic Omnium;;35 avenue miramar résidence azurine;;06138;;chpayet;20191206095814;chpayet;20191206095814;{6EA02FDB-20CE-4826-A047-B6CD48E49DA7};;6.930344105;43.48158646
2807;C013;Bac aérien sans cache bac;660 L;1;Citec;;Avenue du Languedoc ;;06138;;chpayet;20191211083713;chpayet;20191211083713;{5018AA11-932D-431E-B606-7712FC0077FA};;6.93687582;43.50785065
2418;;Bac aérien sans cache bac;660 L;1;Plastic Omnium;;Port figueirette ;;06138;;chpayet;20191206101048;chpayet;20191206101048;{2D9B390B-3854-44A2-835F-A73F0E6D81AC};;6.934144497;43.48501968
2419;;Bac aérien avec cache bac;750 L;1;Plastic Omnium;;Boulevard l esquillon;Beauchamp hotel;06138;;chpayet;20191206101834;chpayet;20191206101834;{6B34E940-578C-4D46-85B5-6F2136B280E3};;6.937609673;43.485672
2808;C014;Bac aérien sans cache bac;660 L;1;Plastic Omnium;;Avenue du Languedoc ;;06138;;chpayet;20191211083806;chpayet;20191211083806;{57B96EE1-4C17-49FA-94B9-7DA818F88DCA};;6.936902046;43.50774384
2420;6601801256;Bac aérien avec cache bac;660 L;1;Contenur;;Boulevard de l esquillon ;;06138;;chpayet;20191206102628;chpayet;20191206102628;{82FD493B-7CE4-457A-8B9E-2939FD28F31D};;6.94402647;43.48664474
2421;;Bac aérien sans cache bac;660 L;1;Citec;;Boulevard de l esquillon ;;06138;;chpayet;20191206103024;chpayet;20191206103024;{1226245B-463A-49FB-A60C-4B07F3B2BA75};;6.944822788;43.4858284
2809;C012;Bac aérien sans cache bac;660 L;1;Plastic Omnium;;Avenue du Languedoc ;;06138;;chpayet;20191211084043;chpayet;20191211084043;{F8A24016-461C-47D5-9505-AC24DFDBFCE6};;6.935846806;43.50748062
2422;;Bac aérien sans cache bac;750 L;1;Plastic Omnium;;Boulevard de l esquillon ;;06138;;chpayet;20191206103220;chpayet;20191206103220;{F333B949-518D-4813-A7FF-58F3BB6BDE0B};;6.944874287;43.48577118
2423;6601901472;Bac aérien avec cache bac;660 L;1;Contenur;;55 boulevard corniche d or;;06138;;chpayet;20191206105012;chpayet;20191206105012;{7F05DA56-5A45-4B5F-8A59-6427B2C1A40F};;6.952434063;43.50518799
2424;C104;Bac aérien avec cache bac;660 L;1;Plastic Omnium;;Avenue corniche d or;Pointe aiguille;06138;;chpayet;20191206105302;chpayet;20191206105302;{EF3D19DF-44F7-45DE-A8FF-5B8653772DF8};;6.947396278;43.50531769
2425;C038;Bac aérien sans cache bac;660 L;1;Plastic Omnium;;Avenue de lerins ;;06138;;chpayet;20191206105945;chpayet;20191206105945;{F5F1F42E-B710-4012-A595-F785E0616786};;6.940403461;43.50587463
2802;C 002;Bac aérien sans cache bac;660 L;1;Citec;;23 avenue roc;;06138;;chpayet;20191211075918;chpayet;20191211075918;{EB14E778-B9ED-4979-812B-D331D6E921EB};;6.935582638;43.51413727
2006;;Bac aérien sans cache bac;660 L;3;Plastic Omnium;;Avenue Monti résidence aquabella;;06138;;chpayet;20191204090633;chpayet;20191211084750;{406E8ECE-D81B-4642-8E61-60E51B9DC733};;6.94077301;43.50759888
2810;660050815;Bac aérien avec cache bac;660 L;1;Contenur;;Avenue montier;;06138;;chpayet;20191211085213;chpayet;20191211085213;{2890CE2C-BFA2-4C58-9DC2-201C08FA1C14};;6.938694477;43.50548935
2811;C029;Bac aérien avec cache bac;660 L;1;Plastic Omnium;;Avenue montier;;06138;;chpayet;20191211085321;chpayet;20191211085321;{8ACE528C-76EF-4060-8444-FE6369164D18};;6.938681126;43.50546646
2812;C030;Bac aérien sans cache bac;660 L;1;Plastic Omnium;;24 avenue montier;;06138;;chpayet;20191211085703;chpayet;20191211085703;{6BFFB3B7-341A-4615-B9E7-D98E2D7ABC0C};;6.938603878;43.50616074
2813;C032;Bac aérien sans cache bac;660 L;1;Plastic Omnium;;Avenue montier;Face ecole;06138;;chpayet;20191211090105;chpayet;20191211090105;{4206A0E3-3870-450E-82AA-2BB79DCBDD9F};;6.938930511;43.50679779
2814;660053715/660050715;Bac aérien sans cache bac;660 L;2;Contenur;;Avenue montier;Face ecole;06138;;chpayet;20191211090518;chpayet;20191211090518;{950F7913-28B4-4E94-A08E-0238227E6672};;6.938979626;43.50688171
2815;C051;Bac aérien sans cache bac;660 L;1;Plastic Omnium;;Rue de la source;;06138;;chpayet;20191211093000;chpayet;20191211093000;{16C4E555-B794-4C07-93B8-6E44897AD008};;6.947296143;43.50500107
2816;6601800534/6601800533;Bac aérien sans cache bac;660 L;2;Contenur;;10 rue de la source;;06138;;chpayet;20191211093652;chpayet;20191211093652;{104D8CB8-6FDC-4F86-AD10-55C9EFE72C95};;6.943026066;43.5060463
2817;660052115;Bac aérien sans cache bac;660 L;1;Contenur;;Allée des pins;;06138;;chpayet;20191211094357;chpayet;20191211094357;{4828A1AF-50F8-4837-BB27-F12B11604387};;6.949859142;43.50445938
2818;;Bac aérien sans cache bac;660 L;1;Plastic Omnium;;7 Ave saint hubert;;06138;;chpayet;20191211094744;chpayet;20191211094744;{4DD1A2A5-8AB8-4E39-BFFA-634DE702C84B};;6.949182034;43.50366211
2819;660016617/660053415;Bac aérien sans cache bac;660 L;2;Contenur;;Avenue saint hubert;;06138;;chpayet;20191211095138;chpayet;20191211095138;{3FBFBC68-6052-4898-B2D0-F35E8EC0F0DB};;6.946051121;43.50393295
2820;;Bac aérien sans cache bac;660 L;1;Plastic Omnium;;38 avenue saint Hubert ;;06138;;chpayet;20191211095532;chpayet;20191211095532;{E7CF3EB1-FC28-424E-839D-7F882B5D320B};;6.94336462;43.50359344
2821;;Bac aérien sans cache bac;660 L;5;Plastic Omnium;;37 avenue saint Hubert ;Panoramer;06138;;chpayet;20191211095747;chpayet;20191211095747;{F117F93D-B5C3-4D5D-A37C-F01D7F17B265};;6.94324398;43.50340271
2822;;Bac aérien sans cache bac;750 L;1; ;;37 avenue saint Hubert ;;06138;;chpayet;20191211095910;chpayet;20191211095910;{10C27FF7-E7E5-4F12-88DC-56A85F5796CF};;6.943239689;43.50338364
2823;660183019;Bac aérien sans cache bac;660 L;1;Contenur;;49 boulevard saint Hubert ;;06138;;chpayet;20191211100426;chpayet;20191211100426;{DBBBB20F-C526-4C2B-AACB-81BF89B26B76};;6.946641445;43.50331116
2824;C046;Bac aérien sans cache bac;660 L;1;Plastic Omnium;;49 boulevard saint Hubert ;;06138;;chpayet;20191211100535;chpayet;20191211100535;{28B4FF38-A03C-475A-9791-91196189F434};;6.946659088;43.50339508
2825;660013417;Bac aérien sans cache bac;660 L;1;Contenur;;4 rue Abdel balif ;;06138;;chpayet;20191211101551;chpayet;20191211101551;{3EFD2DBE-EBE4-45CD-9C22-BECFDBF0EE74};;6.953130245;43.50365067
2826;6601800532;Bac aérien sans cache bac;660 L;1;Contenur;;4 allée des eucalyptus ;;06138;;chpayet;20191211101914;chpayet;20191211101914;{B6F48B25-FF3E-4DDA-A0E1-8150D8A3261F};;6.952437878;43.50261307
2827;C059;Bac aérien sans cache bac;660 L;1;Plastic Omnium;;13 allée des eucalyptus ;;06138;;chpayet;20191211102219;chpayet;20191211102219;{BBF39053-463A-41AE-8941-8153F352C649};;6.951878548;43.50082016
2828;6601800531;Bac aérien sans cache bac;660 L;1;Contenur;;13 allée des eucalyptus ;;06138;;chpayet;20191211102316;chpayet;20191211102316;{EE37C27E-9E02-4222-AFA2-2C852DC6C694};;6.951897144;43.50079727
2829;C062;Bac aérien sans cache bac;660 L;1;Plastic Omnium;;Allée des mimosees ;;06138;;chpayet;20191211102715;chpayet;20191211102715;{10174084-4FEF-4B66-A1C2-927E32A9C005};;6.949009418;43.49887085
2830;6601800783;Bac aérien sans cache bac;660 L;1;Contenur;;Allée des mimosees;;06138;;chpayet;20191211102906;chpayet;20191211102906;{49F2D2AB-E825-4C4A-AB1A-733900F0EAA8};;6.949120045;43.49890518
2831;C037;Bac aérien sans cache bac;660 L;1;Plastic Omnium;;Boulevard corniche d or;;06138;;chpayet;20191211104457;chpayet;20191211104457;{0AD7C131-2CBC-4DE3-B14D-F8455DCD34D7};;6.941483498;43.50651932
4813;;Bac aérien avec cache bac;660 L;2;Contenur;;26 boulevard de l esterel;;06029;;chpayet;20200129143115;chpayet;20200129143115;{A57BA92D-AB4C-424F-A0E5-8B966BF33DA2};;6.972150326;43.55789185
3203;;Bac aérien avec cache bac;660 L;1;Contenur;;Résidence les terrasses de saint honorat;;06138;;chpayet;20200102132037;chpayet;20200102132104;{DC50DBE6-6187-4780-BF33-7E3A7E49C35E};;6.941567898;43.49053574
3204;;Bac aérien sans cache bac;660 L;1;Plastic Omnium;;;;06138;;chpayet;20200102132612;chpayet;20200102132612;{7E0F84F0-A1FC-4B0C-9E96-67BC6C993BD1};;6.942990303;43.48931503
3205;;Bac aérien sans cache bac;240 L;1;Contenur;;39 bd de l esterel;;06138;;chpayet;20200102132814;chpayet;20200102132814;{85EF35CC-F64F-4ECD-9336-558509A14F5E};;6.942947388;43.48830032
3206;;Bac aérien sans cache bac;660 L;2;Contenur;;39 bd de l esterel;;06138;;chpayet;20200102132912;chpayet;20200102132912;{49136A71-F14A-4617-95EA-2D1EA1569940};;6.94297123;43.48831177
3207;;Bac aérien avec cache bac;660 L;2;Plastic Omnium;;Avenue fragonard;;06138;;chpayet;20200102133531;chpayet;20200102133531;{80E981F9-A63A-49F2-90EB-AFB11AA9DAFD};;6.943851948;43.48744965
3208;;Bac aérien avec cache bac;660 L;2;Plastic Omnium;;Avenue fragonard ;;06138;;chpayet;20200102133842;chpayet;20200102133842;{14B62815-0B94-46BA-BB02-E498DCF88E74};;6.940798283;43.48785019
3209;;Bac aérien avec cache bac;660 L;3;Plastic Omnium;;Avenue van loo;;06138;;chpayet;20200102134412;chpayet;20200102134412;{D3656872-2B9A-4A7A-A009-37C7F3DBD5DD};;6.939774513;43.48788834
3210;;Bac aérien avec cache bac;660 L;1;Citec;;Avenue van loo;;06138;;chpayet;20200102134751;chpayet;20200102134751;{E55F7250-4BF9-4F70-B8A6-EC1C03F13997};;6.940415859;43.48733902
3211;;Bac aérien avec cache bac;660 L;1;Plastic Omnium;;Avenue van loo;;06138;;chpayet;20200102134824;chpayet;20200102134824;{6B2EA48C-B98C-49B6-B6CD-FB807907282F};;6.94047451;43.48730087
3212;;Bac aérien avec cache bac;660 L;2;Contenur;;Avenue van loo;;06138;;chpayet;20200102134859;chpayet;20200102134859;{71A6B0D1-407E-4907-995D-9A296539D76F};;6.94047451;43.48730087
3213;;Bac aérien avec cache bac;660 L;1;Contenur;;Avenue van loo;;06138;;chpayet;20200102135115;chpayet;20200102135115;{93FFD675-B324-498A-ADB3-43329A3AAB80};;6.940673828;43.48687363
3214;;Bac aérien avec cache bac;660 L;1;Plastic Omnium;;Avenue van loo;;06138;;chpayet;20200102135255;chpayet;20200102135255;{75B16DA2-FFCF-4EB7-B618-69546310024F};;6.940696239;43.48684692
3215;;Bac aérien sans cache bac;660 L;1;Contenur;;Avenue fragonard ;;06138;;chpayet;20200102135749;chpayet;20200102135749;{343F0DE0-A674-4AD7-89C9-F806B6A5FCC5};;6.941527367;43.48716736
3216;;Bac aérien sans cache bac;660 L;1;Plastic Omnium;;Avenue fragonard ;;06138;;chpayet;20200102135833;chpayet;20200102135833;{F60B6F52-921C-413F-8D9B-119C57DE208F};;6.941527843;43.48718643
3217;;Bac aérien avec cache bac;660 L;1;Plastic Omnium;;Avenue Frédéric mistral;;06138;;chpayet;20200102142644;chpayet;20200102142644;{09CEEF82-44C1-414A-B7E6-2F840A36B8ED};;6.928332329;43.48472214
3218;;Bac aérien sans cache bac;660 L;1;Plastic Omnium;;Avenue Frédéric mistral;;06138;;chpayet;20200102143004;chpayet;20200102143004;{5A556BBD-B0DA-4278-96B0-A934665DEA2D};;6.927697182;43.48340225
3219;;Bac aérien avec cache bac;660 L;1;Contenur;;Avenue Frédéric mistral ;;06138;;chpayet;20200102143219;chpayet;20200102143219;{77A163DA-3B73-46C8-87BD-F2D8F077D5C1};;6.928268909;43.48213959
3220;;Bac aérien sans cache bac;660 L;1;Plastic Omnium;;Avenue du gros caillou;;06138;;chpayet;20200102143447;chpayet;20200102143447;{8695E2A7-9C87-411F-A99E-31CB3C78D46F};;6.927031994;43.48203659
3221;;Bac aérien avec cache bac;660 L;1;Plastic Omnium;;Avenue du gros caillou;;06138;;chpayet;20200102143715;chpayet;20200102143715;{66725F9A-DB5F-4D92-9B98-EB878025E08B};;6.925529003;43.48379517
3222;;Bac aérien sans cache bac;660 L;1;Plastic Omnium;;Chemin du soleil d or;;06138;;chpayet;20200102144632;chpayet;20200102144632;{8F6EDCFA-0A75-46D8-949D-856E83D08FCB};;6.931983948;43.4865799
3602;;Bac aérien sans cache bac;240 L;1;Contenur;;Avenue de la pointe saint marc;;06138;;chpayet;20200107131852;chpayet;20200107131852;{12208ACC-3731-4FF6-B0B8-F88F44B33945};;6.955025196;43.50102234
3603;;Bac aérien sans cache bac;660 L;3;Contenur;;Chemin du débarcadère ;;06138;;chpayet;20200107133515;chpayet;20200107133515;{FDDED881-E274-421D-926A-C73F323F7FF6};;6.942316055;43.50696945
3604;;Bac aérien sans cache bac;750 L;1;Plastic Omnium;;Chemin du débarcadère ;;06138;;chpayet;20200107133612;chpayet;20200107133612;{3CB063AF-3BBA-4C27-8014-F37DE07DEC05};;6.9422822;43.50697327
5213;;Bac aérien avec cache bac;660 L;2;Contenur;;11 avenue de grasse;;06029;;chpayet;20200130102534;chpayet;20200130102534;{F5B675F6-6E8D-4569-9DA6-4A573657090A};;7.016021252;43.5545578
3605;;Bac aérien sans cache bac;660 L;1;Contenur;;Marco polo;;06138;;chpayet;20200107133850;chpayet;20200107133850;{8B29D73F-3C38-43E9-A04C-D823F02BAAF5};;6.941795826;43.50751877
5214;;Bac aérien sans cache bac;660 L;3;Contenur;;Rue raphael;;06029;;chpayet;20200130102802;chpayet;20200130102802;{A6383F98-9DE5-4143-BF2A-E40941A65378};;7.016251087;43.5550766
3606;;Bac aérien sans cache bac;660 L;3;Plastic Omnium;;Promenade de la darse;;06138;;chpayet;20200107134239;chpayet;20200107134324;{D960E071-B80C-4444-9585-FC39D98AD264};;6.941401005;43.508358
5215;;PAV cuve enterrée;3 m3;2;Contenur;;Boulevard carnot;Palais de justice ;06029;;chpayet;20200130104032;chpayet;20200130104032;{DB77BC32-C44C-4D8C-BE43-15F40FF7EFCE};;7.016736031;43.55602646
3607;;Bac aérien avec cache bac;660 L;1;Contenur;;Promenade de la darse;;06138;;chpayet;20200107134430;chpayet;20200107134430;{358E9E5F-66E2-4B26-B7B9-464891F0F0FF};;6.941422939;43.50836182
5216;;Bac aérien avec cache bac;660 L;2;Contenur;;Rue montboissier;;06029;;chpayet;20200130105233;chpayet;20200130105233;{8BECFB8E-BE54-4B47-AB5C-0E3B531E93EC};;7.015814781;43.55817413
5217;;Bac aérien avec cache bac;660 L;2;Contenur;;Rue mozard;;06029;;chpayet;20200130105829;chpayet;20200130105829;{DF09F5EA-D871-40AA-A057-4067CD31006D};;7.017630577;43.55802155
5218;;PAV enterré ascenseur;4 m3;3;Ecollect;;Avenue maréchal Gallieni ;;06029;;chpayet;20200130110230;chpayet;20200130110230;{957AE2BF-A1AC-426D-BB61-FE83A4AC3C70};;7.017776966;43.55744934
5219;;Bac aérien avec cache bac;660 L;2;Contenur;;Angle rue 11 novembre et maréchal Gallieni ;;06029;;chpayet;20200130110820;chpayet;20200130110820;{A523CEC6-AF88-4738-B910-4F1F34425840};;7.01809454;43.55646515
5220;;Bac aérien sans cache bac;660 L;1;Contenur;;Angle 11 novembre et maréchal Gallieni ;;06029;;chpayet;20200130110920;chpayet;20200130110920;{C6CB4F05-CB87-440E-8CB9-AEB79E1120EB};;7.017956734;43.55653763
5221;;Bac aérien avec cache bac;660 L;2;Contenur;;Rue jean goujon;;06029;;chpayet;20200130111124;chpayet;20200130111124;{F507085D-DBD4-463C-8A36-80EFF455B27A};;7.017722607;43.55606461
5613;;PAV cuve enterrée;3 m3;1;Contenur;;Rue massena;Square carnot;06029;;chpayet;20200205083205;chpayet;20200205083222;{9B957F2A-7382-401C-846A-C0D0EB5A5C00};;7.016997814;43.5646019
5614;;Bac aérien sans cache bac;660 L;1;Contenur;;68 avenue du petit juas;;06029;;chpayet;20200205084341;chpayet;20200205084341;{3BEDD559-0FB1-4FE0-B6C8-16860617ED58};;7.013412952;43.55995941
5615;;Bac aérien avec cache bac;660 L;1;Contenur;;Angle chemin st Nicolas et docteur calmette;;06029;;chpayet;20200205085027;chpayet;20200205085027;{924764D4-9C4B-42FF-9CB1-843F71113E09};;7.021242619;43.5562973
5616;;PAV cuve enterrée;3 m3;2;Contenur;;1 avenue du prado;;06029;;chpayet;20200205085427;chpayet;20200205085427;{1B2FF3E1-C921-4D8A-B9C4-9C4D926E7827};;7.022524357;43.55786133
5617;;Bac aérien avec cache bac;750 L;3; ;;1 rue Marcel berthelot;Sur le parking;06029;;chpayet;20200205090258;chpayet;20200205090258;{193D1690-9CC5-4FD4-A0B1-005525BD8B54};;7.022876263;43.55684662
3608;;Bac aérien sans cache bac;660 L;1;Contenur;;Promenade de la darse;;06138;;chpayet;20200107134530;chpayet;20200107134530;{411085D1-A4F3-4E39-9709-492085595DCD};;6.941381454;43.50837708
5618;;Bac aérien avec cache bac;660 L;2;Contenur;;16 rue merle;;06029;;chpayet;20200205090902;chpayet;20200205090902;{E0F28BC1-4F9A-4056-BD38-CAF334047D72};;7.023582935;43.55491257
3609;;Bac aérien avec cache bac;660 L;1;Plastic Omnium;;2 avenue de lerins ;;06079;;chpayet;20200107141419;chpayet;20200107141419;{76282C61-4738-424A-990C-472E4F439C7A};;6.934612751;43.51744461
3610;;Bac aérien avec cache bac;660 L;3;Plastic Omnium;;Rue du chantier naval ;;06079;;chpayet;20200107142247;chpayet;20200107142247;{FC16C0E2-115F-460A-8555-4C7B659377D8};;6.941445351;43.52465057
5619;;PAV cuve enterrée; ;1;Contenur;;2 avenue isola bella;;06029;;chpayet;20200205091249;chpayet;20200205091249;{F761890A-0194-4B2A-833D-60D6F61CEA5B};;7.024379253;43.55583954
3611;;Bac aérien avec cache bac;750 L;1;Plastic Omnium;;Rue du chantier naval ;;06079;;chpayet;20200107142337;chpayet;20200107142337;{3A394805-A358-4605-85E0-4EEC4C45FF70};;6.941424847;43.52467728
3612;;Bac aérien avec cache bac;660 L;1;Citec;;Avenue du 29 aout;Angle rue santo reino;06079;;chpayet;20200107142843;chpayet;20200107142843;{2B4A200A-6615-4A3F-9650-73725F1F3AA1};;6.940023422;43.52578354
5620;;PAV cuve enterrée;3 m3;1;Contenur;;14 boulevard mont fleury;;06029;;chpayet;20200205091931;chpayet;20200205091931;{26D18478-7F3C-4907-B5B3-303D99D1F757};;7.028131008;43.5552063
5621;;Bac aérien avec cache bac;660 L;2;Contenur;;32 boulevard de lorraine;;06029;;chpayet;20200205093724;chpayet;20200205093724;{A8E87FB9-73E1-4FF2-8978-699903F215FA};;7.027626038;43.55312347
5622;;Bac aérien avec cache bac;660 L;2; ;;1 boulevard de lorraine ;;06029;;chpayet;20200205094631;chpayet;20200205094631;{7A4C34AE-540E-4B41-B3BD-56D96BDB4A4D};;7.025345802;43.55381012
5623;;Bac aérien avec cache bac;660 L;2;Contenur;;Rond point duboys d angers;;06029;;chpayet;20200205100716;chpayet;20200205100716;{E98353A2-4D03-40EF-B272-B85A69A912F7};;7.025410652;43.55168152
5624;;PAV enterré ascenseur;3 m3;1;Ecollect;;Square merimee;;06029;;chpayet;20200205102359;chpayet;20200205102359;{7856B04E-AAC3-4F27-9A14-B251EDF9BFE2};;7.017379284;43.55170822
5625;;PAV cuve enterrée;5 m3;4;Contenur;;Allées de la liberte;;06029;;chpayet;20200205102759;chpayet;20200205102759;{357665EF-0413-449B-B95F-A7761B6E97A2};;7.016067982;43.55177307
3613;;Bac aérien avec cache bac;750 L;1;Citec;;Avenue du 29 août ;;06079;;chpayet;20200107143238;chpayet;20200107143312;{92BD1D50-4BEA-4C14-9C6C-CF4D5D1EF2D4};;6.940585613;43.52453613
3614;;Bac aérien sans cache bac;660 L;1;Contenur;;Avenue du 29 aout;;06079;;chpayet;20200107143407;chpayet;20200107143407;{E795B970-D64E-4623-B93E-5A33AE84BE57};;6.940555573;43.52447891
5626;;Bac aérien avec cache bac;660 L;2;Contenur;;Quai saint pierre ;;06029;;chpayet;20200205104044;chpayet;20200205104044;{D833DA98-2850-4F55-A8B8-D417D92BE72B};;7.012452126;43.5492363
3615;;Bac aérien avec cache bac;660 L;1;Contenur;;Rue de la poste;;06079;;chpayet;20200107143624;chpayet;20200107143624;{AF15D300-961D-4A95-966E-0476A47873C0};;6.940385342;43.52350616
3616;;Bac aérien avec cache bac;660 L;1;Citec;;Rue de la poste;;06079;;chpayet;20200107143735;chpayet;20200107143735;{46474318-3973-46EA-B040-7FBBBE02C6C8};;6.940353394;43.5234642
3617;;Bac aérien avec cache bac;660 L;1;Contenur;;Rue des hautes roches;;06079;;chpayet;20200107144104;chpayet;20200107144104;{E802E801-C42A-4F66-8F67-DC4FB91F26CB};;6.939910412;43.5243454
4013;;Bac aérien avec cache bac;660 L;1;Contenur;;Chemin des gongues;;06079;;chpayet;20200109134750;chpayet;20200109134750;{9826323F-CE7F-47D0-AD34-E7165671B46C};;6.918371201;43.52516556
5627;;PAV cuve enterrée;3 m3;1;Contenur;;Square général Leclerc ;;06029;;chpayet;20200205104441;chpayet;20200205104441;{7B374249-1C7E-4385-B525-987CDDC4A262};;7.012017727;43.54818726
4014;;Bac aérien sans cache bac;660 L;2;Citec;;Chemin de Maure vieil;;06079;;chpayet;20200109135245;chpayet;20200109135245;{85361610-64F5-4B6D-A383-6B4D8223E5F0};;6.913930893;43.5250206
6034;;Bac aérien sans cache bac;660 L;1;Contenur;;11 bd Victor tuby;;06029;;chpayet;20200210090324;chpayet;20200210090334;{B295FE8A-A364-4B16-99B6-473AB832134C};;7.011743069;43.55289459
4015;;Bac aérien sans cache bac;660 L;1;Citec;;Avenue de frejus;;06079;;chpayet;20200109141103;chpayet;20200109141103;{744E5529-D585-47E8-86C8-E1AF6BAED8A2};;6.926134109;43.526577
8021;; ;340 L;1;Contenur;;Impasse saint claude;;06030;;chpayet;20200310085858;chpayet;20200310085858;{5F8A550E-7D06-4523-B2DE-75CAC4A8EDC3};;7.019744873;43.57129669
6035;;PAV cuve enterrée;5 m3;1;Contenur;;1 rue Félix faure;;06029;;chpayet;20200210090945;chpayet;20200210090945;{4AD3BD78-FCC0-41F4-A39E-D3E314B35C8C};;7.012136936;43.55111694
18449;;Bac aérien sans cache bac;660 L;1; ;;60 boulevard Paul doumer;;06030;;chpayet;20200901090811;chpayet;20200901090811;{615ED45F-7E3D-49F3-879A-8BCD30DCCF94};;7.009606361;43.57023239
6036;;Bac aérien sans cache bac;340 L;4;Contenur;;12 rue mont chevalier;;06029;;chpayet;20200210091311;chpayet;20200210091311;{8681A9AD-53EF-4A9B-A1BE-2D15E48A90F9};;7.011192322;43.55018234
6037;;PAV enterré ascenseur;4 m3;1;Ecollect;;Square clemenceau;;06029;;chpayet;20200210091756;chpayet;20200210092247;{5CCB390A-798B-44E7-8477-C06BD24763DC};;7.008756161;43.54924011
6038;;PAV cuve enterrée;5 m3;1; ;;Square Frédéric mistral ;;06029;;chpayet;20200210094150;chpayet;20200210094150;{E755A6D9-6C1B-441B-BD49-E6E31C782E7E};;7.007434845;43.54886627
6039;;PAV cuve enterrée;4 m3;1; ;;Square Frédéric mistral ;;06029;Accès avec clef ;chpayet;20200210094932;chpayet;20200210094932;{CFB0FE37-3521-40FC-B55B-1C5F4BF9ADBC};;7.006215096;43.54896545
6040;;Bac aérien sans cache bac;660 L;1;Contenur;;12 boulevard de moulin;;06029;;chpayet;20200210101250;chpayet;20200210101250;{D4C1BC5F-8FC7-4EB5-B901-4C98EC209EF5};;7.007071495;43.55402756
4017;;Bac aérien sans cache bac;750 L;2; ;;Avenue Robert Schuman ;;06079;;chpayet;20200109143702;chpayet;20200109143725;{0C31F0A3-54AA-46F5-9B7D-6AD3A6839AEC};;6.917846203;43.53896332
6041;;Bac aérien sans cache bac;660 L;1;Contenur;;12 rue Guy de maupassant;;06029;;chpayet;20200210101500;chpayet;20200210101500;{C4FB0961-AEA4-478F-8D80-5895221E6FA3};;7.007845402;43.55434036
6042;;Bac aérien sans cache bac;660 L;2;Contenur;;17 rue marius monti;;06029;;chpayet;20200210101753;chpayet;20200210101753;{DACE8E73-B716-4691-B02B-5998309EB05E};;7.008310318;43.55607605
6043;;Bac aérien sans cache bac;660 L;2; ;;Impasse mouraillle;;06029;;chpayet;20200210102055;chpayet;20200210102055;{6F1313A5-B78E-44DB-AD9F-2431DB6E7A4F};;7.008285999;43.55666351
6045;;Bac aérien sans cache bac;660 L;1;Contenur;;10 rue des vosges;;06029;;chpayet;20200210103411;chpayet;20200210103411;{DDA7EDB3-5B95-4713-9B78-E976CA2356DF};;7.00851059;43.5576973
4016;;Bac aérien sans cache bac;660 L;6;;;Avenue Robert Schuman ;;06079;;chpayet;20200109143551;chpayet;20200109143813;{80EA24D1-D67F-4A79-B041-87DE1A7F696F};;6.917852879;43.5389328
6013;;Bac aérien avec cache bac;660 L;2;Contenur;;21 boulevard Victor tuby;;06029;;chpayet;20200207125106;chpayet;20200207125328;{0CC6B730-C9E6-4F06-9DDE-69FCC62E5D6E};;7.010958195;43.55252075
6014;;PAV cuve enterrée;3 m3;2;Contenur;;Angle Victor tu y et rue des suisses;;06029;;chpayet;20200207125855;chpayet;20200207125855;{40A44A12-F511-40E5-9799-745E0500626A};;7.009465218;43.55165482
6015;;Bac aérien avec cache bac;660 L;4;Contenur;;25 avenue de grasse;;06029;;chpayet;20200207134839;chpayet;20200207134839;{6B74BECA-8EAD-46B9-A6C6-432C8707E9B2};;7.015058994;43.55493546
6016;;Bac aérien sans cache bac;660 L;1;Contenur;;10 avenue Jean de lattre de tassigny ;;06029;;chpayet;20200207135308;chpayet;20200207135308;{F57F2BD3-AA5D-447F-ACCA-2F5DC4ABBF85};;7.014011383;43.5556221
6017;;Bac aérien avec cache bac;660 L;2;Contenur;;34 avenue de lattre de tassigny ;;06029;;chpayet;20200207135650;chpayet;20200207135650;{DF7B70AE-0643-44E8-8A7B-52C1EFEA6F37};;7.011547565;43.55612564
6018;;Bac aérien avec cache bac;660 L;1;Contenur;;8 rue romanille ;;06029;;chpayet;20200207135837;chpayet;20200207135837;{0064C716-9DC7-4F8A-BC80-760FC1CD075B};;7.012578487;43.55735779
6019;;Bac aérien sans cache bac;660 L;1;Contenur;;54 avenue saint louis;;06029;;chpayet;20200207140014;chpayet;20200207140033;{7F356789-B1D8-4CF5-9B01-908F9DC7AE37};;7.012649059;43.55806732
6020;;PAV cuve enterrée;3 m3;1;Contenur;;1 boulevard delaup;;06029;;chpayet;20200207140932;chpayet;20200207140932;{1334A329-03B5-4821-980B-15B452362D3F};;7.011324406;43.55542374
6021;;Bac aérien avec cache bac;750 L;1;Contenur;;Rue sergent gazan;;06029;;chpayet;20200210080915;chpayet;20200210080915;{AB52C654-DA6A-4DB6-B49F-C850016868A9};;7.013066292;43.55548096
6022;;Bac aérien avec cache bac;660 L;2;Contenur;;Rue sergent gazan;;06029;;chpayet;20200210080958;chpayet;20200210080958;{4FFCC390-DE68-4BEE-BDF4-73FF56D4B5E7};;7.013055801;43.55541611
6046;;Bac aérien avec cache bac;660 L;1;Contenur;;103 avenue de lattée de tassigny;;06029;;chpayet;20200210104057;chpayet;20200210104057;{B6FF2DF8-BEE6-4906-A605-8EAAFAD53D36};;7.00850153;43.56365204
6047;;PAV enterré ascenseur;4 m3;1;Ecollect;;93 avenue jean de lattre de tassigny ;;06029;;chpayet;20200210104500;chpayet;20200210104505;{E79DA173-76FB-4C5F-B702-A2F9DB9FB800};;7.009984016;43.56226349
6048;;Bac aérien sans cache bac;660 L;1;Contenur;;62 avenue saint jean;;06029;;chpayet;20200210105038;chpayet;20200210105038;{F33431C1-F1C4-4EDE-85F8-9766A222FF64};;7.012561321;43.55913162
6049;;Bac aérien avec cache bac;660 L;2;Contenur;;Traverse du petit juas;;06029;;chpayet;20200210105234;chpayet;20200210105234;{851B9475-F965-4CCD-9B58-D1649881622E};;7.013600349;43.55809402
6050;;Bac aérien sans cache bac;660 L;2; ;;27 avenue saint jean;;06029;;chpayet;20200210105409;chpayet;20200210105409;{5EBD54EA-8264-4DF8-B3AA-99B9C059C6C0};;7.01432991;43.5574913
6051;;PAV enterré ascenseur;3 m3;1; ;;Avenue reine Astrid ;;06029;;chpayet;20200210135045;chpayet;20200210135045;{694FFA17-0C34-478C-9F36-B37989A196DE};;7.039121151;43.53931046
6052;;Bac aérien avec cache bac;660 L;2;Contenur;;Avenue du grand pin;;06029;;chpayet;20200210142951;chpayet;20200210142951;{B8A4278C-9986-416B-8655-3E3F7374AA19};;7.02504158;43.55994415
6422;;Bac aérien avec cache bac;660 L;2;Contenur;;18 bd delaup;;06029;;chpayet;20200211130117;chpayet;20200211130117;{8FF4896D-C2BF-4321-A406-A9AF25045B2B};;7.010902405;43.55712891
6423;;Bac aérien avec cache bac;660 L;2;Contenur;;22 rue Jean nobles;;06029;;chpayet;20200211130429;chpayet;20200211130429;{68A1CFFA-2D63-4E7A-8EDB-8D72E09A2E71};;7.010645866;43.55810928
6023;;Bac aérien sans cache bac;660 L;1;Contenur;;22 rue de la croix;;06029;;chpayet;20200210081158;chpayet;20200210081158;{894184F6-C05B-4BF7-9E2F-09C389B31B07};;7.012845516;43.55461884
4414;;PAV cuve compactrice;5 m3;1; ;;Rue Félix Faure ;;06029;;chpayet;20200128085212;chpayet;20200128085212;{67E342DC-C2DB-460F-856A-C8DD7E956F1C};;7.015232563;43.55223083
4415;;PAV cuve compactrice;5 m3;1; ;;Rue Félix Faure ;;06029;;chpayet;20200128085712;chpayet;20200128085712;{2688A994-BD65-49D8-BB0F-83F250E6D53B};;7.014461517;43.55208969
6024;;Bac aérien sans cache bac;660 L;2;Contenur;;3 traverse bel air;;06029;;chpayet;20200210081520;chpayet;20200210081520;{3C49B40A-3262-47C2-98BA-5D6CC6E5D543};;7.014313698;43.55436325
4416;;Bac aérien avec cache bac;660 L;4;Contenur;;2 rue Louis Blanc ;;06029;;chpayet;20200128090247;chpayet;20200128090247;{C4F6330E-BD9B-4899-8D92-C5E3EC28141D};;7.013467312;43.55158234
4417;;Bac aérien avec cache bac;750 L;6;Contenur;;Marché forville;;06029;;chpayet;20200128091013;chpayet;20200128091013;{80152F7F-C051-47FB-A044-1F4C30BFD23A};;7.012816906;43.55237579
6025;;Bac aérien sans cache bac;660 L;2;Contenur;;Rue du lac;;06029;;chpayet;20200210082314;chpayet;20200210082314;{99DA0C1C-CCF1-4651-B523-ACF8A0D6DEC9};;7.007894516;43.55472565
4418;;Bac aérien avec cache bac;660 L;4;Contenur;;Place marché forville ;;06029;;chpayet;20200128091132;chpayet;20200128091132;{2C4E64AF-ABFC-472C-8B93-7F32D456DC36};;7.012779713;43.55234528
4419;;PAV cuve enterrée;4 m3;1;Contenur;;Marché forville ;;06029;;chpayet;20200128091541;chpayet;20200128091541;{6AA22713-3864-4E13-8BB1-E945DF3F1219};;7.011606216;43.55211639
6026;;Bac aérien avec cache bac;660 L;2;Contenur;;54 boulevard du moulin ;;06029;;chpayet;20200210082607;chpayet;20200210082607;{BD290E3A-CFE4-4E11-9677-7F0B67DF551B};;7.006182194;43.55564117
4413;;PAV enterré ascenseur;4 m3;4;Ecollect;;Rue hoche;;06029;Borne à télécommande 3 trappes au sol et une borne surélevée ;chpayet;20200128084141;chpayet;20200128091819;{60A84588-BCBB-49CA-9C15-A241DCAD2B5A};;7.018924713;43.5531311
4420;;PAV cuve enterrée;4 m3;2;Contenur;;Marché forville ;;06029;;chpayet;20200128092015;chpayet;20200128092015;{A90ADD48-331D-4BC8-934E-074A31BF6E1C};;7.011602879;43.55174255
6027;;Bac aérien avec cache bac;660 L;1;Contenur;;14 rue du pont saint Victor ;;06029;;chpayet;20200210082831;chpayet;20200210082831;{D3842230-F5AD-4926-A1BF-7D7DA1048312};;7.005504131;43.55616379
6028;;Bac aérien sans cache bac;660 L;2;Contenur;;31 rue pont saint victor;;06029;;chpayet;20200210083157;chpayet;20200210083157;{E8EFC691-A2F3-4BC0-8354-DE9FB3B144FF};;7.004592896;43.55661011
6029;;Bac aérien sans cache bac;660 L;1;Contenur;;28 rue pont saint Victor ;;06029;;chpayet;20200210083544;chpayet;20200210083544;{4E5BD456-713B-4487-9028-C363124E03B7};;7.004102707;43.5555954
6030;;Bac aérien sans cache bac;660 L;1;Contenur;;19 chemin du vallon provencal;;06029;;chpayet;20200210083936;chpayet;20200210083936;{AD12E89F-EA46-412C-8B2F-74091D55D9E1};;7.003260612;43.55410767
6031;;Bac aérien sans cache bac;660 L;2;Contenur;;12 rue du pont romain;;06029;;chpayet;20200210084742;chpayet;20200210084742;{B35EBB48-E8E4-4F26-9B51-1667D5C7C0F3};;7.00743866;43.55290985
6032;;Bac aérien avec cache bac;660 L;3;Contenur;;2 boulevard guynemer;;06029;;chpayet;20200210085222;chpayet;20200210085222;{EC13F30B-F528-4B6B-BF35-74300D94084C};;7.011740208;43.55361557
6033;;Bac aérien sans cache bac;660 L;2;Contenur;;Rue docteur budin;;06029;;chpayet;20200210085601;chpayet;20200210085601;{EA585A1D-804C-473C-82FE-7A77F16F02D7};;7.01180315;43.55311966
6421;;Bac aérien avec cache bac;660 L;3;Contenur;;3 rue de Belfort ;;06029;;chpayet;20200211125840;chpayet;20200211125840;{E7FF8E01-5CC2-4F1F-B590-98C1382BB64C};;7.01040411;43.55674362
6821;;Bac aérien avec cache bac;660 L;2; ;;1 rue reyer;;06029;;chpayet;20200212081326;chpayet;20200212081326;{469720A0-8C75-4E95-9E9B-1B46B6C0B23E};;7.018417358;43.56106949
6424;;Bac aérien sans cache bac;660 L;2;Contenur;;15 avenue docteur bernard;;06029;;chpayet;20200211130933;chpayet;20200211130933;{A05765CA-2FB7-4C19-82CE-7A3FD0F00B70};;7.012226582;43.56021118
6838;;Bac aérien sans cache bac;750 L;1;Contenur;;Parking pointe croisette;;06029;;chpayet;20200212094943;chpayet;20200212094943;{150CF591-B368-4B57-AFBF-AC1D41793DFE};;7.038151741;43.53642654
6425;;PAV enterré ascenseur;4 m3;1;Ecollect;;8 avenue saint louis;;06029;;chpayet;20200211131710;chpayet;20200211131710;{09AAC1AB-C930-4F95-A373-4232230DFC15};;7.014934063;43.55644608
6426;;Bac aérien avec cache bac;660 L;2;Contenur;;7 allée du parc des vallergues;;06029;;chpayet;20200211132409;chpayet;20200211132409;{994F7F0E-5687-403E-BBE7-00A185978E77};;7.010729313;43.56023788
6839;;Bac aérien sans cache bac;660 L;1;Contenur;;Parking pointe Croisette ;;06029;;chpayet;20200212095023;chpayet;20200212095023;{A6D73F01-7917-4467-893A-99703C052095};;7.038203716;43.5364151
6427;;Bac aérien sans cache bac;660 L;4;Contenur;;243 avenue de grasse;;06029;;chpayet;20200211133422;chpayet;20200211133422;{C0AADCD0-4CF5-4B59-99A6-806DEF08D935};;7.002860069;43.56248856
6428;;PAV enterré ascenseur;3 m3;1;Ecollect;;Bd du riou;;06029;;chpayet;20200211134859;chpayet;20200211134859;{9EBE77DD-5891-464B-9521-EA8D0D5B1DC6};;7.001573563;43.56199265
6840;;Bac aérien avec cache bac;660 L;2;Plastic Omnium;;Place de l etang;;06029;;chpayet;20200212101837;chpayet;20200212101837;{340EA51A-7BCC-4D34-8944-517A13C0556A};;7.037586689;43.53883362
6841;;Bac aérien avec cache bac;660 L;2;Contenur;;Place de l etang;;06029;;chpayet;20200212101918;chpayet;20200212101918;{D6FEBA0D-FDCB-4D9C-B93E-8A9EBF55585A};;7.037571907;43.53883362
7229;;Bac aérien avec cache bac;660 L;3;Contenur;;24 avenue du camp long;;06029;;chpayet;20200213092901;chpayet;20200213092901;{C24C0E3A-BEEA-4E5C-9B3E-57070749F51C};;7.020013332;43.56400299
7230;;Bac aérien sans cache bac;660 L;1;Contenur;;45 avenue Paul doumer;;06030;;chpayet;20200213094008;chpayet;20200213094008;{547B17E2-D7B1-4757-9017-D5D7A1C11A1D};;7.011229992;43.56866074
7231;;Bac aérien avec cache bac;660 L;2;Contenur;;Impasse de l horloge;;06030;;chpayet;20200213094356;chpayet;20200213094356;{189121FD-93AE-4CAD-9BE7-7BB2127D8C91};;7.007485867;43.57044983
7232;;Bac aérien sans cache bac;660 L;1;Contenur;;82 boulevard Paul doumer;;06030;;chpayet;20200213094739;chpayet;20200213094739;{2FA03D7E-8081-4044-A832-D1A2246FA6E2};;7.008313656;43.5702095
7233;;Bac aérien sans cache bac;660 L;1;Contenur;;20 boulevard du nord;;06030;;chpayet;20200213094950;chpayet;20200213094950;{03E9D621-7830-4CD5-89C4-BDEEBC34DE8C};;7.006745338;43.57017136
7234;;Bac aérien sans cache bac;660 L;1; ;;31 boulevard Jacques monod;;06030;;chpayet;20200213100752;chpayet;20200213100752;{A1C71622-8F9A-41E5-B074-49303B0DDAD4};;6.995867252;43.57247925
7235;;Bac aérien sans cache bac;660 L;1;Plastic Omnium;;98 boulevard Jacques monod;;06030;;chpayet;20200213100937;chpayet;20200213100937;{4B2180A9-4DDF-4910-97E4-2C158A20BBE4};;6.996368885;43.57334518
7236;;Bac aérien avec cache bac;660 L;6;Plastic Omnium;;Place pierre sauvaigo;;06030;;chpayet;20200213101609;chpayet;20200213101609;{BD7B36C4-6E26-469F-957C-2E71ED7D9EE4};;6.994735718;43.56983566
7237;;Bac aérien sans cache bac;660 L;1;Contenur;;71 boulevard de la république ;;06030;;chpayet;20200213102456;chpayet;20200213102456;{33389C38-609F-4B45-843D-F9601440C4D4};;6.992273331;43.56775665
7238;;Bac aérien sans cache bac;660 L;1;Contenur;;Chemin de l olivet;;06030;;chpayet;20200213102847;chpayet;20200213102847;{2C371AA5-29AA-4F21-836D-FC90B521C0D4};;6.992459774;43.56771088
7239;;PAV cuve enterrée;3 m3;1;Contenur;;Boulevard leader;;06029;;chpayet;20200213103318;chpayet;20200213103318;{F2AED0B5-2795-4D9E-806C-0F15E52DDC93};;6.989239693;43.56597519
7240;;Bac aérien sans cache bac;660 L;1;Contenur;;102 boulevard du perrier;;06030;;chpayet;20200213103728;chpayet;20200213103728;{A4B1E06C-CC3C-4389-A447-7223F7041A37};;6.988974094;43.56654358
7241;;PAV cuve enterrée;3 m3;1;Contenur;;Rue Marco del ponte;;06029;;chpayet;20200213122509;chpayet;20200213122509;{9D363CA6-622A-489A-B1A2-1A477185BBDD};;6.980343819;43.54913712
7242;;Bac aérien sans cache bac;660 L;1;Contenur;;Avenue sainte rosalie;;06029;;chpayet;20200213123622;chpayet;20200213123622;{BE807995-044A-4129-B08B-0F69EEF3B1FA};;6.976866722;43.55275345
7243;;PAV enterré ascenseur;3 m3;1;Ecollect;;53 avenue Michel jourdan;;06029;;chpayet;20200213124103;chpayet;20200213124103;{E1DE9C8C-A5BF-4C37-847E-F4E3B394F5B9};;6.974551678;43.5532074
6822;;Bac aérien avec cache bac;660 L;2;Contenur;;76 avenue maréchal Gallieni ;;06029;;chpayet;20200212081850;chpayet;20200212081850;{E9AED641-D709-4B89-A7CB-B16CAA72FCD4};;7.017930031;43.55931091
8022;;Bac aérien avec cache bac;660 L;2;Contenur;;56 boulevard carnot;;06030;;chpayet;20200310090429;chpayet;20200310090429;{84157DB2-CA49-4974-AF9A-8ABBCE8179A7};;7.016204834;43.57396317
6823;;PAV enterré ascenseur;3 m3;1;Ecollect;;15 rue Boucicaut ;;06029;;chpayet;20200212082449;chpayet;20200212082449;{3E31F7EB-19C2-4AEB-9DBC-A7CD76B58517};;7.020923138;43.55813599
7221;;Bac aérien sans cache bac;660 L;2;Contenur;;113 boulevard de la république ;;06029;;chpayet;20200213082039;chpayet;20200213082039;{A5E825B7-E4CB-48EA-B462-EF09F61B8830};;7.020840168;43.5594635
6824;;Bac aérien avec cache bac;660 L;1;Contenur;;Rue marius aune;;06029;;chpayet;20200212083330;chpayet;20200212083330;{2653C35B-C123-42F9-B6A6-FA71E3DCC4CC};;7.018102169;43.55548477
6825;;Bac aérien avec cache bac;660 L;5;Contenur;;Avenue maréchal Gallieni ;;06029;;chpayet;20200212083550;chpayet;20200212083550;{8336E325-2ED8-41C3-B4C2-24A7344967DE};;7.018531799;43.55469513
7222;;Bac aérien sans cache bac;660 L;3;Contenur;;Parking migno;;06029;;chpayet;20200213083415;chpayet;20200213083415;{A5EFA6A6-94F7-4D64-A699-A404CEB6E36B};;7.021397591;43.56076813
6826;;Bac aérien avec cache bac;660 L;3;Contenur;;25 rue merle ;;06029;;chpayet;20200212083933;chpayet;20200212083933;{1B530DF3-B419-4473-8CFF-399A0F23481F};;7.022596836;43.55496597
6827;;Bac aérien sans cache bac;660 L;1;Contenur;;Bd d alsace;;06029;;chpayet;20200212084454;chpayet;20200212084454;{A0B5D0CF-2A91-4035-80ED-DB73DD24CC9E};;7.020164013;43.55447388
7223;;PAV cuve enterrée;3 m3;1; ;;177 avenue de la république ;;06029;;chpayet;20200213084245;chpayet;20200213084245;{0DF0E333-6240-4206-A8CF-9D6C66A7C79C};;7.020981312;43.56279373
6828;;Bac aérien sans cache bac;660 L;2;Contenur;;Rue Roger renaudie;;06029;;chpayet;20200212084940;chpayet;20200212084940;{C0C796E7-B476-4918-B349-06E879E5C53C};;7.020518303;43.55551147
6829;;PAV cuve enterrée;3 m3;1; ;;31 rue de mimont;;06029;;chpayet;20200212085403;chpayet;20200212085403;{16AD2DEB-70F2-42BA-BCD5-1B3E26AF78B8};;7.022246361;43.55544662
7224;;PAV enterré ascenseur;3 m3;1;Ecollect;;8 avenue des coteaux ;;06029;;chpayet;20200213085001;chpayet;20200213085001;{D893C818-360C-4BAB-9AB9-EE9ABE22791C};;7.022564888;43.56621933
6830;;Bac aérien sans cache bac;660 L;2;Contenur;;35 bd d alsace;;06029;;chpayet;20200212085731;chpayet;20200212085731;{AB7DAC2E-EDD7-4CDB-8277-3CE42CFBA09E};;7.024537086;43.55406189
6831;;Bac aérien sans cache bac;660 L;2;Contenur;;28 bd d alsace;;06029;;chpayet;20200212085954;chpayet;20200212085954;{0BC2F16D-E000-4365-82E7-6829BDBDFC48};;7.022845268;43.55422974
7225;;Bac aérien avec cache bac;660 L;5;Contenur;;2 avenue Jean mermoz;;06030;;chpayet;20200213090536;chpayet;20200213090536;{E5BB426C-9518-4095-8EFA-72FE5FE024B1};;7.022798061;43.57531738
6832;;PAV enterré ascenseur;4 m3;2; ;;Rue venizelos;;06029;;chpayet;20200212090542;chpayet;20200212090542;{8DC0A09C-0EBD-42E2-BB31-CB86BC1FD0DA};;7.017270088;43.55367279
6833;;Bac aérien avec cache bac;750 L;8;Contenur;;Place gambetta;;06029;;chpayet;20200212091512;chpayet;20200212091512;{F78F1D4B-F3C2-40B9-964B-451B6AAFCA60};;7.022737026;43.55369186
7226;;Bac aérien avec cache bac;340 L;1;Contenur;;2 avenue Jean mermoz;;06030;;chpayet;20200213090618;chpayet;20200213090618;{BC57A160-CFD5-4039-A2A3-5350DC9BCD56};;7.022868156;43.57526016
6834;;Bac aérien avec cache bac;750 L;1;Contenur;;9 rue du canada;;06029;;chpayet;20200212092336;chpayet;20200212092336;{8BD5B6AC-7FC5-43B6-9F07-8B020D3360F2};;7.028105259;43.55038452
6835;;Bac aérien avec cache bac;660 L;1;Contenur;;9 rue du canada;;06029;;chpayet;20200212092418;chpayet;20200212092418;{1BC3C611-C52A-4DFB-9BF6-DEC3015F6C6A};;7.028030872;43.55039215
7227;;Bac aérien sans cache bac;660 L;3;Contenur;;25 rue de cannes;;06030;;chpayet;20200213091549;chpayet;20200213091549;{5B05D0BA-ECF0-443E-AB12-319E81C42E79};;7.020376205;43.57295609
6836;;PAV cuve enterrée;3 m3;1;Contenur;;30 rue pasteur;;06029;;chpayet;20200212092805;chpayet;20200212092805;{34078BB5-BAA6-4395-9D59-026ADC3B7918};;7.029010296;43.5495491
6837;;PAV cuve enterrée;4 m3;1;Contenur;;Square croisette;;06029;;chpayet;20200212093656;chpayet;20200212093656;{3BCD9041-5D69-4B8E-A46A-21A4E7201F8F};;7.032763958;43.54620361
7228;;Bac aérien sans cache bac;660 L;2;Contenur;;Rue goupillieres;;06030;;chpayet;20200213092114;chpayet;20200213092114;{4784112D-AB74-4CB6-8BA0-D5972E6AAA00};;7.018558502;43.56972885
7244;;Bac aérien avec cache bac;660 L;1;Contenur;;104 avenue Michel Jourdan ;;06029;;chpayet;20200213125006;chpayet;20200213125006;{2DA88D77-6D3A-4F4E-AAD8-009764CCD681};;6.97166872;43.55545425
8421;;PAV cuve enterrée; ;2; ;;Rue Amador lopez;;06029;;chpayet;20200417075039;chpayet;20200417075039;{98218ED9-38E5-4525-89A3-77BCBB533F9C};;6.96324873;43.55601883
7245;;Bac aérien avec cache bac;750 L;1;Contenur;;Boulevard du midi;Face sicasil;06029;;chpayet;20200213133552;chpayet;20200213133552;{8D5B63B7-DB44-44B5-8323-5AC8D45E47AF};;6.9658041;43.54368591
8023;;Bac aérien sans cache bac;660 L;4;Contenur;;13 chemin des breguieres;;06030;;chpayet;20200310091421;chpayet;20200310091421;{D2A0BACE-04F8-4C4A-9AA8-8AFE87736BB9};;7.018007278;43.57808304
7246;;Bac aérien sans cache bac;660 L;1;Contenur;;16 boulevard du midi;;06029;;chpayet;20200213134659;chpayet;20200213134659;{F0F9E2AF-B784-499F-8D67-85B917023A61};;6.978704929;43.54742813
9221;;Bac aérien sans cache bac;660 L;1;Plastic Omnium;;Chapelle saint cassien;;06029;;chpayet;20200505065140;chpayet;20200505065140;{8D3096C3-B352-45A0-AD4F-BD81886A8966};;6.955814362;43.54998016
8422;;PAV cuve enterrée;3 m3;3; ;;Chemin du caroubiers;;06029;;chpayet;20200417075614;chpayet;20200417075614;{991EC0F0-72E9-46F4-984B-72BE983FDE6D};;6.962904453;43.55643463
9625;;Bac aérien sans cache bac;660 L;2;Contenur;;15 route de valbonne;;06030;;chpayet;20200507074243;chpayet;20200507074243;{2AA5B136-E949-4AC9-89D8-35D6BC9ED22F};;7.017015457;43.5779953
8423;;PAV cuve enterrée;3 m3;2; ;;Chemin des rainettes;;06029;;chpayet;20200417075947;chpayet;20200417075947;{3D2B93EC-E218-41EA-8E4B-DF0C83073DC8};;6.963056087;43.55724335
8424;;PAV cuve enterrée;3 m3;2; ;;Chemin du caroubier;;06029;;chpayet;20200417080412;chpayet;20200417080412;{983FA0B1-E02C-4676-8699-6DBC9E071494};;6.962516785;43.55754852
9626;;Bac aérien sans cache bac;660 L;4;Contenur;;1 rue Victor hugo;;06030;;chpayet;20200507074503;chpayet;20200507074503;{53245C74-DFE4-49E6-A962-90176CDA68ED};;7.016942024;43.57761002
8425;;PAV enterré ascenseur; ;1;Ecollect;;146 avenue Michel jourdan;;06029;;chpayet;20200417082139;chpayet;20200417082139;{D8F695AF-59DF-4EB7-AE63-7F0856CA882B};;6.968541622;43.55837631
8426;;PAV cuve enterrée;3 m3;2; ;;Rue Alfred de musset;;06029;;chpayet;20200417084212;chpayet;20200417084212;{B3130B27-8EF0-41FF-937D-6F7350A6DD4D};;6.966133118;43.56968307
9627;;Bac aérien sans cache bac;660 L;3;Contenur;;Rue du cros;;06030;;chpayet;20200507075123;chpayet;20200507075123;{D4A45321-5DB3-421B-A0F8-3BF8F1F7036C};;7.017189503;43.5762291
8427;;Bac aérien avec cache bac;660 L;1;Contenur;;68 avenue Maurice chevalier ;;06029;;chpayet;20200417101520;chpayet;20200417101520;{1729D24E-2C12-4A2B-94A2-9A33864D43DD};;6.961932659;43.55901718
8428;;Bac aérien sans cache bac;660 L;1;Contenur;;Avenue Georges Pompidou ;;06030;;chpayet;20200417104930;chpayet;20200417104930;{FB378240-AE8A-4099-B24B-36ACFF61BA14};;6.981753826;43.56881332
9628;;Bac aérien sans cache bac;660 L;2;Contenur;;Rue des hautes breguieres;;06030;;chpayet;20200507080620;chpayet;20200507080620;{64DBD398-2FAF-49CD-A8F7-B6E0BFE1FF12};;7.02304697;43.5819664
8429;;Bac aérien sans cache bac;660 L;2;Contenur;;24 chemin de l estelle;;06030;;chpayet;20200417111058;chpayet;20200417111058;{06547915-777E-44CF-B924-F8AAF16846CB};;6.997928619;43.57159042
9629;;Bac aérien sans cache bac;660 L;1;Contenur;;790 route de serra capeou ;;06030;;chpayet;20200507081744;chpayet;20200507081744;{9B20DD89-6ACB-4560-BBAB-EAC24521EFB0};;7.025610447;43.57961655
9630;;Bac aérien sans cache bac;660 L;1;Contenur;;507 route de serra capeou;;06030;;chpayet;20200507082649;chpayet;20200507082649;{995D472C-1390-4668-83F2-EC0B1F81C4A9};;7.024160862;43.57930374
9631;;Bac aérien sans cache bac;660 L;1;Contenur;;7 avenue victoria;;06030;;chpayet;20200507083458;chpayet;20200507083458;{BE5EB45E-293E-4E9B-AC08-8A9636D088BC};;7.024450779;43.57709503
9632;;Bac aérien sans cache bac;660 L;1;Contenur;;Avenue loubon;;06029;;chpayet;20200507091252;chpayet;20200507091252;{755E3BF3-1BDB-40F3-B6E0-3C237A155985};;7.029007435;43.5681572
9633;;Bac aérien sans cache bac;660 L;1;Contenur;;22 Corniche paradis;;;;chpayet;20200507091717;chpayet;20200507091717;{33D295CF-CBD3-4049-83A8-02E0BDAB0078};;7.03560257;43.56466675
9634;;Bac aérien sans cache bac;660 L;4;Contenur;;Corniche paradis;;06029;;chpayet;20200507091922;chpayet;20200507091922;{20798BA5-CA11-4E34-9CA0-7A8A617B1673};;7.036306381;43.56377029
7621;;Bac aérien avec cache bac;660 L;2;Contenur;;7 rue Louis pastour;Parking forville;06029;;chpayet;20200218130338;chpayet;20200218130338;{7E0767CA-8BFE-4F0F-81B3-7DE70788BC9E};;7.010619164;43.55303192
7622;;Bac aérien sans cache bac;660 L;1;Contenur;;21 boulevard beau site;;06029;;chpayet;20200218131641;chpayet;20200218131641;{B63DB3B5-CB90-485B-84DC-12DCF2E93505};;6.997678757;43.55282593
8821;;Bac aérien sans cache bac;340 L;1; ;;Rue Léandre sardou;;06029;;chpayet;20200429074949;chpayet;20200429074949;{28CB293D-5B2D-40BE-B723-E244539177CC};;7.027657032;43.55828476
7623;;Bac aérien sans cache bac;660 L;1;Contenur;;25 chemin beau site;;06029;;chpayet;20200218133108;chpayet;20200218133108;{94065BA7-18E7-4692-81F3-CE01363C5408};;6.997246265;43.55492401
9621;;Bac aérien avec cache bac;660 L;2;Contenur;;Route du village ;;06029;;chpayet;20200507070054;chpayet;20200507070054;{3A29FC81-768A-414E-A337-EA9ACCCD6C6A};;6.997575283;43.56509781
7624;;Bac aérien sans cache bac;660 L;3;Contenur;;Chemin rural dit beausite;;06029;;chpayet;20200218133438;chpayet;20200218133438;{E16C66A7-F9D2-4022-B865-96F6497EC4B2};;6.996699333;43.55255508
8822;;PAV cuve enterrée;3 m3;5; ;;Chemin de l horizon ;;06085;;chpayet;20200429102407;chpayet;20200429102407;{7D4624AF-1EC9-4F7D-8592-FA2E3CCC6B2F};;6.994654655;43.59974289
7625;;Bac aérien sans cache bac;750 L;1;Contenur;;Allée du parc cypris;;06029;;chpayet;20200218134234;chpayet;20200218134234;{F1873DE4-9645-4F65-88E9-91A2B6B06DF2};;6.994997025;43.55097961
7626;;Bac aérien sans cache bac;660 L;1;Contenur;;Rue stephen liegeard;;06029;;chpayet;20200218140952;chpayet;20200218140952;{53CE66E2-2E5C-492E-84D0-42ADF5946EA4};;7.000710011;43.549366
8823;;Bac aérien avec cache bac;660 L;3; ;;Chemin de l horizon ;;06085;;chpayet;20200429102651;chpayet;20200429102651;{8C2275EA-5D13-4A12-9D71-4DAB769EAB74};;6.994704723;43.59970474
7627;;Bac aérien avec cache bac;660 L;2;Contenur;;64 avenue du docteur Raymond picaud;;06029;;chpayet;20200218142440;chpayet;20200218142440;{BA6E7E6F-4AC4-45D2-B100-CB7D22CB0FA9};;6.9903965;43.5504303
9622;;Bac aérien sans cache bac;660 L;2;Contenur;;Route du village ;;06029;;chpayet;20200507070257;chpayet;20200507070257;{17C13666-3AA7-4113-8A52-8AF617A46312};;6.997560024;43.56450272
7628;;Bac aérien avec cache bac;660 L;2;Contenur;;13 rue Antoine brun;;06029;;chpayet;20200218143447;chpayet;20200218143447;{58C88D0A-28FF-4877-940B-267F12EF3D61};;6.980820656;43.54998016
8824;;Bac aérien avec cache bac;660 L;2;Contenur;;166 impasse campane;;06085;;chpayet;20200429104630;chpayet;20200429104630;{BF070B47-AB34-4848-86E5-F59D2BCBAFC2};;6.997547626;43.58824921
7629;;PAV cuve enterrée;3 m3;1; ;;Boulevard louis negrin;;06029;;chpayet;20200218144745;chpayet;20200218144745;{25B805A1-D4BB-4DBE-B161-78B6EC250C6D};;6.976097107;43.54982376
7630;;PAV enterré ascenseur;3 m3;2;Ecollect;;Rue docteur baloux;;06029;;chpayet;20200218145548;chpayet;20200218145548;{CA182F5A-0D6F-4760-A75A-2FB4BDB54B67};;6.976919651;43.55049133
8825;;Bac aérien sans cache bac;660 L;1;Contenur;;14 avenue Jules ferry;;06030;;chpayet;20200429113552;chpayet;20200429113552;{063D5C57-44B9-4239-9C1B-587431AE6FDC};;7.004195213;43.57197571
9623;;Bac aérien sans cache bac;660 L;1;Contenur;;56 route de valbonne;;06030;;chpayet;20200507072813;chpayet;20200507072813;{496FEF59-0FCB-434F-B891-DDDDF77AE332};;7.012910366;43.58032227
8826;;Bac aérien sans cache bac;340 L;1;Plastic Omnium;;14 avenue Jules ferry;;06030;;chpayet;20200429113640;chpayet;20200429113640;{6E28D461-4CCF-4B49-83C8-68B4DE0774F9};;7.004191399;43.57197571
8827;;Bac aérien avec cache bac;660 L;1;Contenur;;327 avenue de grasse;;06029;;chpayet;20200429120053;chpayet;20200429120053;{8FEB884F-BEC2-43F8-BB97-0750C974DCCA};;7.004742622;43.56769562
9624;;Bac aérien avec cache bac;660 L;2;Contenur;;36 route de valbonne;;06030;;chpayet;20200507073254;chpayet;20200507073254;{8E563439-968D-4308-A152-FA7CE3B555F0};;7.01577425;43.57832336
8828;;Bac aérien sans cache bac;660 L;1;Contenur;;311 avenue de grasse;;06029;;chpayet;20200429120326;chpayet;20200429120326;{38E92A1D-E617-4158-B0A6-429AE301B057};;7.004751682;43.56680298
8829;;Bac aérien sans cache bac;340 L;1;Contenur;;10 impasse beaulieu;;06029;;chpayet;20200429121423;chpayet;20200429121423;{D2405EAB-393D-43CF-97B5-29AE48F3D9FF};;7.006664276;43.55970001
8830;;Bac aérien sans cache bac;660 L;1;Contenur;;Boulevard cointet;;06029;;chpayet;20200429124616;chpayet;20200429124616;{81B7530D-8C4E-46D2-82D0-03EE79EEFC58};;6.996716022;43.55655289
9635;;Bac aérien sans cache bac;660 L;1;Contenur;;Corniche du paradis;;06029;;chpayet;20200507092428;chpayet;20200507092428;{6F700A4D-6C3D-43C0-A49A-D62D226F79AA};;7.03727293;43.56368256
10443;;Bac aérien avec cache bac;750 L;3;Contenur;;150 avenue de grasse;Parking les platanes;06029;;chpayet;20200602140534;chpayet;20200602140534;{A367A54B-43FF-4EDB-A94C-286A84117CBF};;7.00622797;43.55842972
9636;;Bac aérien sans cache bac;660 L;1;Contenur;;Corniche du paradis;;06029;;chpayet;20200507092909;chpayet;20200507092909;{9AC23E36-A632-4594-ACB1-FF890EA75A94};;7.038033485;43.56352997
11649;;Bac aérien sans cache bac;660 L;1;Contenur;;Vieux chemin de vallauris ;;06030;;chpayet;20200622125855;chpayet;20200622125855;{B6238196-F6AE-478B-A97E-D61DEE43B229};;7.026468277;43.5764122
9637;;Bac aérien sans cache bac;660 L;1;Contenur;;23 Chemin des collines;;06029;;chpayet;20200507094150;chpayet;20200507094150;{63BC51E8-8FBE-4C7E-8AC0-4CEB93C4C93E};;7.03993082;43.56573486
12449;;Bac aérien avec cache bac;660 L;1;Contenur;;102 boulevard Paul doumer;;06030;;chpayet;20200630091443;chpayet;20200630091443;{A6ECD3C2-7DCA-458E-B3B5-2BE8C0E3B937};;7.006370068;43.56946564
11650;;Bac aérien sans cache bac;660 L;1;Contenur;;1609 chemin des collines;;06030;;chpayet;20200622130813;chpayet;20200622130813;{5B29D4D4-8150-42B4-A323-8F7537A555AA};;7.029563427;43.57880783
11651;;Bac aérien sans cache bac;660 L;1;Contenur;;1773 chemin des collines ;;06030;;chpayet;20200622131546;chpayet;20200622131546;{DA5B4950-AD8A-4ADF-972F-E291D99A5BCB};;7.030665398;43.57712173
12043;;PAV cuve enterrée;3 m3;1; ;;Boulevard de la croisette;;06029;;chpayet;20200623092157;chpayet;20200623092157;{E74F2DDE-C75E-491C-A01B-F11F683300DF};;7.02163887;43.55035782
12450;;Bac aérien sans cache bac;660 L;1;Contenur;;Boulevard général vautrin;;06029;;chpayet;20200630095102;chpayet;20200630095102;{E9E078E3-389B-4ED1-94F9-71644D020C86};;7.030604362;43.55090332
12044;;PAV cuve enterrée;3 m3;3; ;;Rue docteur gerard;;06029;;chpayet;20200623093052;chpayet;20200623093052;{9EAA56DD-4F33-4272-92E5-A4641EDB7D12};;7.022744656;43.55095673
9642;;Bac aérien avec cache bac;660 L;1;Contenur;;Impasse fiesole;;06029;;chpayet;20200507101258;chpayet;20200507101258;{DF3A4CC0-0CBD-48A7-AD70-D651748B473B};;7.040594578;43.55990219
12045;;Bac aérien avec cache bac;340 L;1;Contenur;;2 rue caire;;06029;;chpayet;20200624085829;chpayet;20200624085829;{04B5C6DF-6683-4145-BDB5-EE6028A7140E};;7.024772644;43.55882645
9643;;Bac aérien sans cache bac;660 L;1;Contenur;;Boulevard saint Georges ;;06029;;chpayet;20200507102213;chpayet;20200507102213;{F974ED88-5B02-43BB-94A0-0710B790CF0D};;7.040313721;43.55371475
12046;;Bac aérien avec cache bac;660 L;1;Contenur;;2 rue caire;;06029;;chpayet;20200624085927;chpayet;20200624085927;{0BEDC9FC-14C3-4912-9C0B-4AF6F94A4C04};;7.024724483;43.55884933
12047;;Bac aérien sans cache bac;660 L;2;Contenur;;20 avenue du commandant bret;;06029;;chpayet;20200624090511;chpayet;20200624090548;{C8206F88-83F7-4187-B6D3-E635AD365B6F};;7.022662163;43.55961609
12048;;Bac aérien sans cache bac;660 L;1;Contenur;;Impasse oxybia;;06029;;chpayet;20200624090720;chpayet;20200624090720;{841B2270-96E4-4311-AEA6-745A72EE4589};;7.022642136;43.55997849
12049;;Bac aérien avec cache bac;660 L;2;Contenur;;46 avenue commandant bret ;;06029;;chpayet;20200624092126;chpayet;20200624092126;{631DD76A-B871-447D-A0A7-BB3AB392242E};;7.023292542;43.56147766
10043;;PAV cuve enterrée;3 m3;1;Contenur;;Boulevard d alsace;;06029;;chpayet;20200512122601;chpayet;20200512122601;{5DCFFA9C-5C12-421B-B6B1-00D6653E79D4};;7.034503937;43.54615402
6044;;Bac aérien sans cache bac;660 L;4; ;;Impasse des cassiflores;;06029;;chpayet;20200210102536;chpayet;20200731072858;{8C341835-BF01-4496-BCBC-B2B4E459895C};;7.005228519;43.55792618
10044;;PAV enterré ascenseur;4 m3;1;Ecollect;;75 avenue maréchal juin ;;06029;;chpayet;20200512123709;chpayet;20200512123709;{39FCFAFA-A0D4-469A-8ABA-E0C66F6A0888};;7.039583683;43.54836273
10843;;PAV cuve enterrée;3 m3;1;Contenur;;Place saint jin jin;;06029;;chpayet;20200611122252;chpayet;20200611122252;{57D1795B-1314-4B8A-86CF-9D92C4419262};;7.038558483;43.54256439
10045;;PAV cuve enterrée;3 m3;1; ;;26 avenue maréchal juin ;;06029;;chpayet;20200512125614;chpayet;20200512125614;{9005E421-1392-42BB-AD8A-026C2CF6D2FF};;7.03334856;43.55043411
10046;;Bac aérien avec cache bac;660 L;1;Contenur;;14 avenue maréchal juin ;;06029;;chpayet;20200512130031;chpayet;20200512130031;{D920BC2A-366D-4A8E-93C8-9D3A3FBCA94D};;7.031802177;43.55093384
10844;;Bac aérien avec cache bac;660 L;2;Contenur;;Rue du golfe;;06029;;chpayet;20200611123114;chpayet;20200611123114;{BBB56C61-8968-41C4-B6B2-4EF19FD369E5};;7.039577484;43.5418663
10047;;Bac aérien avec cache bac;750 L;1;Contenur;;14 avenue maréchal juin ;;06029;;chpayet;20200512130113;chpayet;20200512130113;{5D5B97A8-CEFF-476A-9216-F86CCB2DF3EB};;7.031850815;43.55091476
10845;;Bac aérien avec cache bac;660 L;1;Contenur;;Avenue d orient;;06029;;chpayet;20200611124548;chpayet;20200611124548;{A2386FED-1425-41D2-A2FD-CF03C4AA07E6};;7.030624866;43.55239105
10846;;Bac aérien sans cache bac;660 L;2;Contenur;;2 avenue maréchal koenig;;06029;;chpayet;20200611125103;chpayet;20200611125103;{9C1C83DB-3AEF-4799-B05F-8B8124610F7E};;7.032949924;43.55332947
11243;;Bac aérien avec cache bac;660 L;2;Contenur;;Port canto;;06029;;chpayet;20200616134829;chpayet;20200616134829;{3B6B126E-3695-43EB-AF04-E2A903403396};;7.03433466;43.54434586
11244;;Bac aérien avec cache bac;660 L;2;Contenur;;Port canto;;06029;;chpayet;20200616135137;chpayet;20200616135137;{333835C4-6AF2-4EEF-AF33-F404107BAB4C};;7.032173157;43.54335403
11245;;Bac aérien avec cache bac;660 L;2;Contenur;;Port canto ;;06029;;chpayet;20200616135315;chpayet;20200616135315;{F7CAE1B2-1EEA-487C-8D11-88224FDB3C5D};;7.031903267;43.54261017
11246;;Bac aérien avec cache bac;660 L;2;Contenur;;Port canto ;;06029;;chpayet;20200616135503;chpayet;20200616135503;{28B45780-36A8-4182-BD16-059F9E0CD364};;7.031637192;43.54193497
11247;;Bac aérien avec cache bac;660 L;3;Contenur;;Port canto ;;06029;;chpayet;20200616135904;chpayet;20200616135904;{1EF75060-0DB8-4A9C-8B02-49BAC5C500E8};;7.034330845;43.54257965
11248;;Bac aérien avec cache bac;660 L;5;Contenur;;Port canto ;;06029;;chpayet;20200616140228;chpayet;20200616140228;{6A568695-7CBA-42A7-899C-F175B4402D97};;7.03421545;43.54085922
11249;;Bac aérien sans cache bac;660 L;2;Contenur;;Port canto ;;06029;;chpayet;20200616140354;chpayet;20200616140354;{1B011552-5470-4388-AC39-7B53BC819DEA};;7.033639908;43.54092407
11250;;Bac aérien sans cache bac;660 L;2;Contenur;;Port canto ;;06029;;chpayet;20200616140601;chpayet;20200616140601;{549406AC-B14E-4843-BFFA-F4F45E1A2BB5};;7.033360004;43.54042053
11251;;Bac aérien sans cache bac;660 L;1;Contenur;;11 boulevard de la ferrage;;06029;;chpayet;20200618121819;chpayet;20200618121819;{DD810B43-5B6E-44C2-BFBE-86D6AE98EC8A};;7.015976906;43.55371094
11643;;Bac aérien avec cache bac;660 L;1;Contenur;;1 avenue des coteaux ;;06029;;chpayet;20200622120816;chpayet;20200622120816;{497E587B-B38B-43A3-8153-0F72475E5FDB};;7.020693302;43.56498718
11644;;Bac aérien sans cache bac;660 L;1;Contenur;;Impasse villamont;;06030;;chpayet;20200622122107;chpayet;20200622122107;{11E1892E-3451-4DFF-BCF1-F80D2E0E47B9};;7.020211697;43.57082367
11645;;Bac aérien sans cache bac;660 L;3;Contenur;;Passage sainte Catherine ;;06030;;chpayet;20200622122955;chpayet;20200622122955;{61A555BC-1132-4606-95F1-072BDCD1D07D};;7.016525745;43.57256699
11646;;Bac aérien avec cache bac;340 L;2;Contenur;;Rue konigstein;;06030;;chpayet;20200622123121;chpayet;20200622123121;{C3CEF772-0746-4C1C-A079-419189304F89};;7.018439293;43.57601547
11647;;Bac aérien sans cache bac;660 L;3;Contenur;;6 Allée des mesanges;;06030;;chpayet;20200622124431;chpayet;20200622124431;{8384E53B-B043-4DD8-88C0-1F68BB801A56};;7.021678448;43.57473755
11648;;Bac aérien sans cache bac;660 L;1;Contenur;;16 allée des mesanges;;06030;;chpayet;20200622124702;chpayet;20200622124702;{194C9573-CD98-45EE-BCA7-D2583550FA3B};;7.021231651;43.57416153
12051;;Bac aérien sans cache bac;660 L;2;Contenur;;174 chemin de villamont;;06030;;chpayet;20200624093800;chpayet;20200624093800;{EAC45C89-A17A-4024-9976-45D7D84809DD};;7.021656036;43.57052612
12451;;PAV enterré ascenseur;3 m3;1; ;;Boulevard chanoine Francis coeuret;;06029;;chpayet;20200630115908;chpayet;20200630115908;{342DDAC9-123A-4772-BB15-B30BF1342ECA};;7.037525654;43.54512405
12052;;Bac aérien sans cache bac;660 L;1;Contenur;;Chemin de la bastiere;;06030;;chpayet;20200624094302;chpayet;20200624094302;{32A9EEF8-9C43-4E92-9341-DB9E231E1E50};;7.023558617;43.57021332
12053;;Bac aérien sans cache bac;660 L;1;Contenur;;2 avenue Jean mermoz;;06030;;chpayet;20200624094819;chpayet;20200624094819;{3441C058-979D-4A4F-87DF-1CCF5CC7398A};;7.022170544;43.57550812
12452;;PAV cuve enterrée;3 m3;1;Contenur;;33 boulevard de la source;;06029;;chpayet;20200630120749;chpayet;20200630120749;{F6FD3BEF-2169-4FE9-B6A7-FDC937AD11E3};;7.043708801;43.54526901
12054;;Bac aérien sans cache bac;240 L;2;Contenur;;24 chemin des plaines ;;06030;;chpayet;20200624095644;chpayet;20200624095644;{BC8E78D5-413D-48AD-A796-7DE5FF36BF29};;7.022529602;43.57238388
15249;;Bac aérien avec cache bac;660 L;1;Citec;;Rue santo reino;;06079;;chpayet;20200817092110;chpayet;20200817092110;{85D11689-423B-418E-A49D-9DA647C4D183};;6.939955235;43.52627945
12055;;Bac aérien sans cache bac;660 L;1;Contenur;;22 chemin des plaines;;06030;;chpayet;20200624095905;chpayet;20200624095905;{A0643BA6-8E97-42EE-BF2C-2B17C332E6C6};;7.021939754;43.57206345
12453;;Bac aérien sans cache bac;660 L;2;Contenur;;Chemin dei oulivie;;06029;;chpayet;20200630122436;chpayet;20200630122436;{A0C8DB8F-B173-4A4D-837F-F34B1DAA9046};;7.042911053;43.54858017
12056;;Bac aérien sans cache bac;660 L;1;Contenur;;22 chemin des plaines;;06030;;chpayet;20200624095944;chpayet;20200624095944;{89D51FAB-E3D6-4117-BFF4-E3EFECCF1055};;7.021894455;43.57207108
12057;;Bac aérien sans cache bac;240 L;2;Contenur;;15 chemin des plaines;;06030;;chpayet;20200624100057;chpayet;20200624100057;{C86579F5-E88B-4713-B662-4BAA814BD453};;7.021450996;43.57232285
15250;;Bac aérien avec cache bac;660 L;2;Contenur;;Rue walte scott;;06029;;chpayet;20200817125157;chpayet;20200817125157;{AAC8EECA-C0D8-4043-BEB7-459B3641D123};;7.019020081;43.56334305
15649;;Bac aérien sans cache bac;660 L;2;Contenur;;Angle rue du châteauneuf et rue marceau;;06029;;chpayet;20200818130532;chpayet;20200818130532;{C992FB90-E66C-4F8F-8DDA-A3F5B2225F61};;7.024275303;43.55303574
15650;;Bac aérien avec cache bac;660 L;3;Contenur;;Rue des états unis;;06029;;chpayet;20200818134841;chpayet;20200818134841;{27D3580F-A23B-4983-9944-46D4E858280D};;7.021640778;43.55195618
16049;;PAV cuve enterrée; ;1;Contenur;;Avenue pierre semard;;06029;;chpayet;20200819085514;chpayet;20200819085514;{0556B869-083B-40CD-9576-36BC6DC523E0};;6.97740078;43.54830933
16449;;Bac aérien sans cache bac;660 L;1;Contenur;;Traverse de l escalinado;;06030;;chpayet;20200820085040;chpayet;20200820085040;{58601770-DA9F-4151-8358-86C9A75C534A};;7.010196686;43.57120514
16849;;Bac aérien sans cache bac;660 L;1;Contenur;;14 Avenue des mimosas;;06030;;chpayet;20200824073548;chpayet;20200824073548;{35CB536A-74C4-4148-B882-DEEA0255C3C0};;7.002655029;43.56917572
16850;;Bac aérien sans cache bac;340 L;2;Contenur;;1 avenue franklin Roosevelt ;;06030;;chpayet;20200824074752;chpayet;20200824074752;{8F7DDB47-958A-4FB5-B5AC-9B94A3752160};;7.005093575;43.56906128
16851;;Bac aérien avec cache bac;660 L;1;Contenur;;Boulevard des roses;;06079;;chpayet;20200824124455;chpayet;20200824124455;{7212F533-4F39-4B9C-AAFF-4B53A6F4BFA8};;6.931739807;43.54659653
16852;;Bac aérien avec cache bac;340 L;1;Plastic Omnium;;Boulevard des roses;;06079;;chpayet;20200824124742;chpayet;20200824124742;{C098AAAB-49AD-4D82-B4C2-9F47EAD54A8B};;6.931792736;43.54657745
16853;;Bac aérien avec cache bac;340 L;2;Contenur;;Impasse de l islette;;06079;;chpayet;20200824132101;chpayet;20200824132101;{05D69857-EB5C-4DD7-811C-E3660BDB3C82};;6.942847729;43.52514267
12445;;Bac aérien sans cache bac;660 L;3;Contenur;;10 rue Gaston cauvin;;06030;;chpayet;20200629082842;chpayet;20200629082842;{E66FBDC3-FE49-43BE-8CB7-0D0FDE9C1975};;7.02229166;43.56968307
12446;;Bac aérien avec cache bac;240 L;3;Contenur;;25 boulevard Georges Clemenceau ;;06029;;chpayet;20200629092727;chpayet;20200629092727;{46832496-487D-47AB-979F-62D4E0BC2B43};;7.011909485;43.54973984
12849;;Bac aérien sans cache bac;340 L;2;Contenur;;11 rue merimee;;06030;;chpayet;20200702125854;chpayet;20200702125854;{F3642F32-1881-4018-9084-2CA96922DCAF};;7.017409801;43.57012177
12447;;Bac aérien sans cache bac;660 L;2;Contenur;;23 boulevard de la source;;06029;;chpayet;20200629093905;chpayet;20200629093905;{6D269C90-EB06-429C-8A10-A48DA9437A09};;7.041639805;43.54483032
4421;;Bac aérien sans cache bac;660 L;1;Contenur;;31 bd de la ferrage;;06029;;chpayet;20200128092807;chpayet;20200721063647;{064F771D-C0B5-40DB-8F0C-D65BA00C9B75};;7.012759209;43.55291748
13649;;Bac aérien sans cache bac;660 L;1;Contenur;;Boulevard du midi;Face plage des sports;06029;;chpayet;20200721121547;chpayet;20200721121547;{D2A49E0C-7E12-43C2-A3BD-5A457851DCAB};;6.995784283;43.54926682
13249;;Bac aérien sans cache bac;660 L;1;Plastic Omnium;;Boulevard du midi;Parking;06079;;chpayet;20200715135808;chpayet;20200721123755;{CEBF82C8-BDBE-43FA-834A-B396A4E27525};;6.951591492;43.53505707
14049;;Bac aérien sans cache bac;660 L;1;Contenur;;Allée jean giono ;Parking;06030;;chpayet;20200723131444;chpayet;20200723131444;{2509557C-5CDA-4745-BD77-B370AAF7E1A3};;7.013727665;43.57633591
14050;;Bac aérien sans cache bac;660 L;1;Contenur;;Chemin de l olivet;;06030;;chpayet;20200723135617;chpayet;20200723135617;{1792C3AD-CEA4-4C69-A489-F7E673D04872};;6.98999691;43.57029343
14449;;PAV cuve semi-enterrée;4 m3;1; ;;Route d antibes;;06085;;chpayet;20200727131955;chpayet;20200727131955;{64C665C3-841F-4F66-AD3D-AE3844C8BA40};;7.028320313;43.600811
14450;;PAV cuve semi-enterrée;4 m3;1; ;;Route d antibes;;06085;;chpayet;20200727132208;chpayet;20200727132411;{9AEC8D28-C965-4A6C-9533-AAE419228AEF};;7.03053236;43.60012436
14451;;PAV cuve semi-enterrée;4 m3;1; ;;Route de vallauris ;;06085;;chpayet;20200727133549;chpayet;20200727133549;{548377E2-F5D1-43CF-9E3D-8F2F586A445F};;7.036952496;43.59751511
14452;;PAV cuve semi-enterrée;3 m3;1; ;;Route de la valmasque;;06085;;chpayet;20200727134101;chpayet;20200727134101;{A3F2CDC5-7CE7-44F5-8756-AC980E6ED951};;7.03946352;43.60503387
14453;;PAV cuve semi-enterrée;4 m3;1; ;;Route de la valmasque;;06085;;chpayet;20200727134201;chpayet;20200727134201;{C79F988F-4FBE-4669-A355-20EB8DD82BF2};;7.040502071;43.60601044
14454;;PAV cuve semi-enterrée;4 m3;1; ;;Route de la valmasque ;;06085;;chpayet;20200727134430;chpayet;20200727134430;{9603FD9A-54AC-43E6-A79B-20D9D1EC8163};;7.037846088;43.60568619
14849;;Bac aérien avec cache bac;750 L;1;Citec;;Rue de la plage;;06079;;chpayet;20200730122254;chpayet;20200730122254;{97F5F613-789A-424C-9403-D2E443765292};;6.942425728;43.52317047
14850;;Bac aérien avec cache bac;660 L;6;Contenur;;Port de la rague;;06079;;chpayet;20200730123752;chpayet;20200730123752;{65180923-F9A5-47D4-A96F-845B84E8BBB9};;6.936198235;43.51760101
12448;;Bac aérien avec cache bac;660 L;2;Contenur;;Rue ricord laty;;06029;;chpayet;20200629094950;chpayet;20200629094950;{F8700569-479E-4CD0-8C4C-90921560986D};;7.039394379;43.54449463
17249;;Bac aérien sans cache bac;660 L;1;Contenur;;75 avenue isola bella;;06029;;chpayet;20200825071652;chpayet;20200825071719;{B6B3682E-17B6-4CB3-A765-8B11384146B8};;7.034165859;43.557621
17250;;Bac aérien sans cache bac;660 L;1;Contenur;;3067 boulevard des horizons;;06029;;chpayet;20200825073119;chpayet;20200825073119;{8029EE04-C778-423B-8754-04936A41A8AC};;7.05837822;43.55523682
17251;;Bac aérien sans cache bac;660 L;1;Contenur;;Chemin du séminaire saint paul;;06029;;chpayet;20200825074307;chpayet;20200825074307;{00E740D0-A849-4E77-9933-CA096B60226C};;7.055852413;43.54982376
17252;;Bac aérien avec cache bac;750 L;1;Contenur;;40 rue Louis perissol;;06029;;chpayet;20200825080822;chpayet;20200825080822;{E40CFC08-242C-4D95-A55A-D314EC818085};;7.010358334;43.54948807
17253;;Bac aérien avec cache bac;340 L;1;Contenur;;40 rue Louis perissol;;06029;;chpayet;20200825080942;chpayet;20200825081002;{E1805058-80B9-478B-ABEF-39C4E5967EBC};;7.010386467;43.54948425
17254;;Bac aérien sans cache bac;750 L;1;Contenur;;161 avenue de grasse;;06029;;chpayet;20200825082427;chpayet;20200825082427;{96EB707B-0B2E-48E2-AAAD-B5DECC877202};;7.006906509;43.55670929
17255;;Bac aérien sans cache bac;660 L;1;Contenur;;Chemin des carraires;;06029;;chpayet;20200825082944;chpayet;20200825082944;{AD25DD57-CA76-4AD8-AD8E-4EF0D252A714};;7.006259441;43.56498718
17256;;PAV enterré ascenseur;3 m3;1;Ecollect;;12 avenue de France ;;06029;;chpayet;20200825083322;chpayet;20200825083322;{4E77BE8C-E5F2-4647-A4F6-C99B8157A893};;7.008619785;43.56541824
17257;;Bac aérien avec cache bac;660 L;1;Contenur;;299 avenue de grasse;;06029;;chpayet;20200825083757;chpayet;20200825083757;{7ED4242F-C8CF-4F50-A3C9-1393E691DFCF};;7.004562378;43.56611252
17649;;Bac aérien sans cache bac;660 L;2;Contenur;;8 impasse du vallon provencal;;06029;;chpayet;20200826074808;chpayet;20200826074808;{D82CBF41-183D-4473-BA0E-F0CD1A5289B5};;7.001596928;43.55667496
17650;;Bac aérien sans cache bac;660 L;2;Contenur;;Avenue de le Croix des gardes;;06029;;chpayet;20200826075217;chpayet;20200826075217;{F8092BA7-BAE1-4AE7-AB6F-95308E8A67D3};;7.00268364;43.55535889
17651;;Bac aérien sans cache bac;660 L;1;Contenur;;Quai laubeuf ;;06029;;chpayet;20200826105121;chpayet;20200826105121;{AF1D9019-7667-4471-9C39-3D7CF4B26DD0};;7.013167858;43.54815674
17652;;Bac aérien avec cache bac;660 L;2;Contenur;;Jetée Albert Édouard ;;06029;;chpayet;20200826110634;chpayet;20200826110634;{CC844D13-E7DC-4176-A26A-1A51110A55C7};;7.016764164;43.55003738
17653;;Bac aérien avec cache bac;660 L;2;Contenur;;Jetée Albert Édouard ;;06029;;chpayet;20200826111049;chpayet;20200826111049;{58AC8855-EB84-4B98-A049-E189D2439D7A};;7.017058372;43.54860306
17654;;Bac aérien avec cache bac;660 L;1;Plastic Omnium;;Jetée Albert Édouard ;;06029;;chpayet;20200826111326;chpayet;20200826111326;{A592ECDC-5876-4BC1-B9EF-F46AEFDEF5BE};;7.016321659;43.54785919
17655;;PAV cuve enterrée;4 m3;2; ;;13 rue Victor cousin;;06029;;chpayet;20200826113124;chpayet;20200826113124;{1C54CE8A-8029-4CFB-9993-57559A84E825};;7.023808002;43.55083084
17656;;Bac aérien sans cache bac;660 L;1;Contenur;;Promenade de la pantiero;;06029;;chpayet;20200826122904;chpayet;20200826122904;{29D57219-742F-4738-A041-024EC8F708A8};;7.015058994;43.55096054
17657;;Bac aérien sans cache bac;660 L;1;Contenur;;Promenade de la pantiero;;06029;;chpayet;20200826123028;chpayet;20200826123028;{FA41B7A7-050C-4AFE-811E-0F3FB1A7C73D};;7.014321327;43.55083847
17658;;Bac aérien sans cache bac;660 L;1;Contenur;;Promenade de la pantiero;;06029;;chpayet;20200826123150;chpayet;20200826123150;{E2A5C348-3FB6-4F4E-8CBA-657F31D00203};;7.013504982;43.55070877
18049;;Bac aérien sans cache bac;660 L;1;Citec;;Impasse du tambourin ;;06079;;chpayet;20200827084657;chpayet;20200827084657;{4F6FE551-C345-43C3-96D7-054222CE918F};;6.931076527;43.56529617
18050;;Bac aérien sans cache bac;660 L;1;Contenur;;Chemin des fougeres;;06079;;chpayet;20200827085918;chpayet;20200827085918;{3AF1895B-8999-4CC2-8610-A0CB916F3A68};;6.930052757;43.55822372
18051;;Bac aérien avec cache bac;660 L;2;Contenur;;Chemin des grottes;;06079;;chpayet;20200827090415;chpayet;20200827090415;{02507DBC-6164-4E65-9FEB-376D97108ACD};;6.930283546;43.55683136
18052;;Bac aérien sans cache bac;340 L;3;Plastic Omnium;;Impasse turgot;;06030;;chpayet;20200827115300;chpayet;20200827115300;{AE9C15F9-4DD6-43FE-8A5A-441B9E5E2A0E};;7.023561478;43.57628632
18053;;Bac aérien sans cache bac;340 L;1;Contenur;;Rue notre dame des anges;;06030;;chpayet;20200827121026;chpayet;20200827121026;{882FA65E-7566-40F7-B7C8-FC8355EEBDC2};;7.013728619;43.57370758
18054;;Bac aérien sans cache bac;660 L;1;Contenur;;20 boulevard de lorraine;;06029;;chpayet;20200827123332;chpayet;20200827123332;{EC02F473-95AE-4729-BF0C-DFB9923202DB};;7.026821136;43.55345154
